:020000040800F2
:1000000008230124390400084586000835780008D3
:1000100061820008052A00086FAD0008000000009A
:10002000000000000000000000000000790300084C
:100030006139000800000000D5030008D5960008CB
:100040005704000857040008570400085704000824
:100050005704000857040008570400085704000814
:100060005704000857040008570400085704000804
:1000700057040008570400085704000857040008F4
:100080005704000857040008570400088539000881
:1000900057040008570400085704000857040008D4
:1000A00057040008570400085704000857040008C4
:1000B00057040008570400085704000857040008B4
:1000C00057040008570400085704000857040008A4
:1000D00057040008D5A70008570400085704000873
:1000E00057040008570400080000000057040008E7
:1000F0005704000857040008570400085704000874
:100100005704000857040008570400085704000863
:100110005704000857040008570400089198000885
:100120005704000857040008570400085704000843
:100130005704000857040008570400085704000833
:1001400000000000000000000000000000000000AF
:100150005704000857040008570400085704000813
:100160005704000857040008570400085704000803
:100170005704000857040008570400080000000056
:1001800057040008570400085704000857040008E3
:1001900057040008570400085704000857040008D3
:1001A00057040008570400085704000857040008C3
:1001B00057040008570400085704000857040008B3
:1001C00057040008570400085704000857040008A3
:1001D0005704000857040008570400085704000893
:1001E0005704000857040008570400085704000883
:1001F0005704000857040008570400085704000873
:100200005704000857040008570400085704000862
:100210005704000857040008570400085704000852
:1002200057040008570400085704000800000000A5
:100230005704000857040008000000005704000895
:100240005704000857040008570400085704000822
:100250005704000857040008570400085704000812
:100260005704000857040008570400085704000802
:100270005704000857040008570400080000000055
:100280005704000857040008570400080000000045
:10029000000000005704000800F002F800F05CF8CD
:1002A0000AA090E8000C82448344AAF10107DA45D1
:1002B00001D100F051F8AFF2090EBAE80F0013F0C7
:1002C000010F18BFFB1A43F001031847A4DA00001E
:1002D000C4DA00000A444FF0000C10F8013B13F0A0
:1002E000070408BF10F8014B1D1108BF10F8015B8F
:1002F000641E05D010F8016B641E01F8016BF9D182
:1003000013F0080F1EBF10F8014BAD1C0C1B09D1D8
:100310006D1E58BF01F801CBFAD505E014F8016B4A
:1003200001F8016B6D1EF9D59142D6D370470000DC
:100330000023002400250026103A28BF78C1FBD8EE
:10034000520728BF30C148BF0B6070471FB50DF082
:10035000BCF81FBD10B510BD00F01CFA1146FFF728
:10036000F5FF0BF083F900F03AFA03B4FFF7F2FF60
:1003700003BC00F03DFA00002C4B19680868B0E897
:10038000F04F80F30988BFF36F8F4FF0000080F3C8
:10039000118870470000000008480068006880F37A
:1003A00008884FF0000080F3148862B661B6BFF38E
:1003B0004F8FBFF36F8F00DF00BF00BF08ED00E07D
:1003C000DFF80C00016841F470010160704700BF64
:1003D00088ED00E0EFF30980BFF36F8F134B1A68CD
:1003E0001EF0100F08BF20ED108A20E9F04F1060BA
:1003F00009B44FF0500080F31188BFF34F8FBFF363
:100400006F8F0CF027F94FF0000080F3118809BCC2
:1004100019680868B0E8F04F1EF0100F08BFB0EC84
:10042000108A80F30988BFF36F8F7047240000247F
:10043000EFF30580704700000A4880470A4880476C
:100440000A480047FEE7FEE7FEE7FEE7FEE7FEE7B5
:10045000FEE7FEE7FEE7FEE705480649064A074BCA
:100460007047000069390008999700089902000850
:10047000081D012408230124081F0124081F01244A
:1004800053EA020C00F069802DE9F04B4FF00006B2
:10049000002B1FBFB3FA83F503FA05F424FA05F61F
:1004A0005E4012BF1643B2FA82F502FA05F4C5F1B6
:1004B00020051EBF22FA05FC44EA0C04203556EA4A
:1004C000044C4FEA144418BF641C4FF000084FF06E
:1004D0000009904271EB030C39D3002919BFB1FA1E
:1004E00081F701FA07F6B0FA80F700FA07F6C7F1CC
:1004F00020071EBF20FA07FC46EA0C062037B6FB91
:10050000F4FCA7EB0507103F07F01F0BCBF120060B
:100510000CFA0BFB2CFA06F644BFB3460026202F3C
:10052000A4BF5E464FF0000B5BEA060C08BF4FF01D
:10053000010B19EB0B09ABFB027C48EB0608C01B57
:1005400006FB02CC0BFB03CC71EB0C01C1E70B46A5
:10055000024641464846BDE8F08B13B54FF0000017
:100560004FF00001AFF30080BDE81C407047032A44
:1005700040F2308010F0030C00F0158011F8013BC0
:10058000BCF1020F624498BF11F801CB00F8013BA7
:1005900038BF11F8013BA2F1040298BF00F801CB6B
:1005A00038BF00F8013B11F0030300F02580083A42
:1005B000C0F0088051F8043B083A51F804CBA0E899
:1005C0000810F5E7121D5CBF51F8043B40F8043BEE
:1005D000AFF30080D20724BF11F8013B11F801CB23
:1005E00048BF11F8012B24BF00F8013B00F801CBF4
:1005F00048BF00F8012B704710B5203AC0F00B80BF
:10060000B1E81850203AA0E81850B1E81850A0E816
:100610001850BFF4F5AF5FEA027C24BFB1E8185070
:10062000A0E8185044BF18C918C0BDE810405FEAE0
:10063000827C24BF51F8043B40F8043B08BF70475C
:10064000D20728BF31F8023B48BF11F8012B28BF61
:1006500020F8023B48BF00F8012B704702F0FF036F
:1006600043EA032242EA024200F002B84FF00002DD
:100670000429C0F0128010F0030C00F01B80CCF1B4
:10068000040CBCF1020F18BF00F8012BA8BF20F822
:10069000022BA1EB0C0100F00DB85FEAC17C24BF76
:1006A00000F8012B00F8012B48BF00F8012B704720
:1006B0004FF0000200B5134694469646203922BFFB
:1006C000A0E80C50A0E80C50B1F12001BFF4F7AF46
:1006D000090728BFA0E80C5048BF0CC05DF804EB28
:1006E000890028BF40F8042B08BF704748BF20F896
:1006F000022B11F0804F18BF00F8012B704700004B
:100700004FF0013C50F8042B51F8043B9A4215D1AC
:10071000A2EB0C03934313EACC130BD150F8042B38
:1007200051F8043B9A4209D1A2EB0C03934313EA1C
:10073000CC13E7D04FF00000704700BFD01A01BAC9
:10074000B1FA81F101F0180122FA01F0CB40C1F1B8
:100750002001DBB2C0B2C01A2CFA01F3D11A9143C6
:1007600011EAC311E6D1704770477047704710B562
:1007700000F008F8006810BD10B5044600F002F85B
:10078000046010BD00487047A81C01240048704751
:10079000A81C01247546FFF7F9FFAE46050069461F
:1007A000534620F00700854618B020B5FFF754FEE9
:1007B000BDE820404FF000064FF000074FF0000862
:1007C0004FF0000B21F00701AC46ACE8C009ACE8E3
:1007D000C009ACE8C009ACE8C0098D46704710B547
:1007E0000446AFF300802046BDE81040FFF7BDBDD2
:1007F00001491820ABBEFEE726000200704700004A
:1008000070B504000D460BD055B194F89A0048B16C
:10081000012812D002281DD05FF0000084F89A0051
:10082000002070BD204600F0CDF90028F9D094F8E2
:1008300098000028F4D10120F0E7204600F0B3FB37
:100840000028EDD00AF08FFFC4F89400022184F84C
:100850009A10E5E70AF087FFD4F89410D5F8A8209D
:10086000401A9042DCD3012070BD00002DE9FF4FFB
:1008700081B014468946019888B3B9F1000F3DD084
:100880006CB3002020700546019850F8250038B35D
:10089000016809B98188A9B3049959B1D0F810B099
:1008A000007DBBF1000F804637D0B8F1000F34D087
:1008B000002730E0D0F808B0007BF2E75BF82700B3
:1008C0004FF0000A564600900DE000BF59F8260090
:1008D000009900F0D7FA20B14FF0010A06E00DE0D0
:1008E0001FE0761CF6B22078B042EFD80098AAF14B
:1008F000010108420DD02078102804D3002005B053
:10090000BDE8F08F09E0009949F820102078401CDC
:1009100020707F1CFFB24745D0D36D1CADB2202D97
:10092000B2D30120EBE7000030B504460C48036861
:100930009BB10279082A01D800210CE0082200218D
:10094000C1EBC10000EB011003EBC0000588A5421C
:1009500004D0491CC9B29142F2D3002030BD00003E
:10096000C406002410B5FFF7DFFF10B190F89C001B
:1009700010BD012010BD10B548B1016839B18968BA
:1009800019B140688847002800D0012010BD002020
:1009900010BD000010B5D0F8841031BB0123002237
:1009A000B0F88C1019B3491C89B2A0F88C1020291A
:1009B00020D800BFB0F88C1000EB810151F8041C66
:1009C000C1B10C68C0F884408C88A0F88E40C0F893
:1009D0008010A0F8903080F89A2080300262426245
:1009E0008262C262A0F1800034B1012010BDA0F883
:1009F0008C30DFE7002010BDC0F88020C0F88420D4
:100A0000A0F88E20A0F89020CAE700002DE9FF5F33
:100A1000DFF8BC9000249B460D46DDF8388009F1D4
:100A2000800A06464FE0002796B107EB47020AEB23
:100A300082018B68AB4213D14B6802998B420FD174
:100A40005AF822005BF8241000F01CFA68BB07E09B
:100A500009EBC7014968A94202D159F83700F1E70B
:100A60007F1CFFB2102FDFD300224846514636B11B
:100A700002EB420301EB83039B68BBB103E000EB95
:100A8000C2035B6853B1521CD2B2102AEFD328467E
:100A900000F05CF8002004B0BDE8F09F00EBC2035A
:100AA0005BF8241049F832105D600AE002EB420066
:100AB0005BF8243001EB80024AF820300298C2E94A
:100AC0000105641CE4B24445ADD30120E3E7000016
:100AD000D81601242DE9FF5FDFF86C8000259246CF
:100AE0008B460E9F08F18009064628E00024BEB11F
:100AF00004EB440209EB8201D1F804C0D44518D1BB
:100B00008968B1B1594514D059F82200039951F8B8
:100B1000251000F0B7F960B1002004B0BDE8F09FE7
:100B200008EBC401496821B1594502D058F8340096
:100B3000ECE7641CE4B2102CD9D36D1CEDB2BD42BD
:100B4000D4D30120E9E70000D8160124F0B500282D
:100B50001BD00E4C0022114604F1800304EBC105AA
:100B60006E68864202D144F831206A6001EB41068A
:100B700003EB8605AF68874203D143F826206A60FD
:100B8000AA60491CC9B21029E8D3F0BDD8160124C7
:100B900010B5FFF7C9FE040008D0201D00F042F98F
:100BA000D4F8B400BDE8104000F001B810BD002832
:100BB00007D00168002904D04969002901D04068A4
:100BC000084770472DE9F8435FEA00090C4628D032
:100BD0003CB3D9F888603EB3D6F800805FEA0800DD
:100BE00022D03046FFF7C7FEF0B10421009194F8FF
:100BF000501014230422204600F0FDF8002507467B
:100C00000DE000BF05EB8501D8F80C3004EB810244
:100C100053B170684946984730B16D1CEDB2BD4282
:100C2000F0D30120BDE8F883484600F0FBF800202F
:100C3000F8E710B504000AD009B1FFF787FF0120DB
:100C400084F89800002184F89C1084F8990010BD65
:100C500010B50C46FFF768FE48B144B1D0F8B42097
:100C60002AB12146BDE81040001D00F003B8002065
:100C700010BD00002DE9F04F16000F46C3B004462A
:100C800001D0356800E00025402121A8FFF710FDC4
:100C9000402131A8FFF70CFD4FF0000A8DF804A1A8
:100CA000D0468DF808A1E4B3DFB3D5B394F898002B
:100CB000012837D13046FFF75EFE002833D05FF0C1
:100CC000000001AA42F820A037F81010EB889942E2
:100CD0002CD08946C5B129685FEA010B14D0AB88D6
:100CE00000210FE001EBC1083BF82880C84507D17F
:100CF00001EBC101042303EB81030BEB030104E0CF
:100D0000491C89B28B42EDD8002142F8201041B134
:100D10001F284FF0010805D0401C80B22028D1D3F5
:100D200007E0FFE7002043B0BDE8F08FB8F1000F07
:100D30005DD0002341AA21A901A8FFF797FDE8B3E0
:100D4000012342AA31A901A8FFF790FDB0B39DF895
:100D50000401002221AB214600901046FFF7BAFEA5
:100D600060B39DF80401002221AB2146009010469B
:100D7000FFF74CFE10B39DF8080131AB3246214617
:100D800000900120FFF7A6FEC0B19DF8080131AB2D
:100D90003246214600900120FFF738FE70B18022D4
:100DA000204601A9FFF728FCC4F888600121A4F8B7
:100DB0008CA0C4F880A0C4F884A000E017E0A4F8D8
:100DC0008EA00846A4F890A084F89AA0C4F894A035
:100DD00084F898A084F8991084F89CA0C4F8A0A086
:100DE000C4F8A4A0C4F8A8A0C4F8ACA09BE720460F
:100DF000FFF7ACFE96E710B50028029C03D019B1AE
:100E0000914201D8084610BD0119002006E000FB00
:100E100003142468002CF6D0401CC0B29042F6D3D4
:100E2000104610BD10B504002BD0FFF78FFE002137
:100E30000A462346501C44F8221082B2202AF8D3D6
:100E4000C3F8A0100120C3F8A410C3F8A810C4F878
:100E5000AC1084F8980084F89900C4F88010A4F8C5
:100E60008C10C4F88410A4F88E10A4F8901084F8A4
:100E70009A10C4F8941084F89C10C4F8881083F871
:100E80009B0010BD10B518B111B1FFF739FC08B1C6
:100E9000002010BD012010BD70B50D4D2868002840
:100EA00015D02E79082E01D800240EE00826002443
:100EB0000420C4EBC40101EB0412296800EBC2005A
:100EC000084400F007F8641CE4B2B442F0D370BDEB
:100ED000C406002470B504003CD094F898000028A3
:100EE00038D1D4F88800FFF746FD50B194F89C0043
:100EF00000282FD1D4F88400002584F8995028B117
:100F000008E02046BDE87040FFF78CBF2046FFF7A1
:100F100041FDE0B3B4F89000C8B3B4F88E10884235
:100F20003BD82B23D4F884106FF0AB02584302EB6C
:100F3000800001442046FFF763FC00280AD0B4F883
:100F40009000B4F88E1084F89A50884203D2401C66
:100F5000A4F8900070BDD4F8800020B1826912B16D
:100F6000C06921469047B4F88C00C4F88050C4F89A
:100F700084502028A4F88E50A4F890500DD254F834
:100F8000200020B194F89B10012019B100E004E08A
:100F900084F89C0084F8990070BD2046BDE870403C
:100FA0000121FFF746BE2DE9F8435FEA00090C4630
:100FB0002DD064B3D9F88860AEB1D6F800805FEA6E
:100FC000080010D03046FFF7D6FC60B10421009134
:100FD00094F8A4101423042204F15400FFF70BFF2B
:100FE0000025074611E04846FFF71CFF12E005EB1D
:100FF0008500D8F8103004EB8002543253B1706889
:101000004946984730B16D1CEDB2BD42EFD3012087
:10101000BDE8F8830020FBE72DE9FF4F1C46924610
:101020008B462DED060B2DED088BF0EE419AF0EE80
:1010300040AAB0EE619A79EEEA8AB0EE60AA8FB06B
:1010400039EE4A8A28EEA80ADDF8A890B0EE62BA16
:10105000F0EE42BA08EE080ADDE92D65DDE92B87DE
:101060000AF0ECF910EE100ACDED06AA1C498DED40
:1010700007AACDED089ADFED1B0A88428DED099A8B
:1010800002DD88EE801A01E0B0EE601A10EE100A60
:101090008DED0A1A884201DDC8EE000A124A0CA83A
:1010A0005346CDED0B0A116892680E925A460C9188
:1010B00006A98DED0C0ACDE900490D91CDE9046535
:1010C0001D99CDE90287F0EE4B0AB0EE6B0A00F0F5
:1010D0000DF80FB0BDEC088B0AB0BDE8F08F000032
:1010E000BD37863500000000E0DC00082DE9FF4F29
:1010F00017460D4680462DED020B2DED068B87B071
:10110000B0EE608AF0EE409ADDE920B9DFED858A25
:1011100090ED009ADFF810A2002619EE100ACDED2E
:10112000018A344650451FDB022F1DDB1298D8B1CF
:10113000B0EE481AF0EE690AB0EE490A01AA394643
:1011400000F02AF9F0B39DED010A10EE101A514596
:101150005EDD781EDFED751A00EE900A2946B8EEC6
:10116000E01AC0EE010A1DE00121CBF800105FEA91
:10117000090001D0C9ED008AD8F8040090ED000AFA
:101180001C9880ED000AD8F8040090ED010A1D9823
:1011900080ED000A1E98C0ED008A1F98C0ED008AFD
:1011A000AFE00D4402EE105AB8EEC21A21EE211A39
:1011B000B4EEE01AF1EE10FAF3D300EE905AF8EE26
:1011C000E00A00E024E020EEA11AC0EE010AB0EE31
:1011D000600A09F03FFFBDEEC00A10EE104A641C21
:1011E000022C00DA0224BC4200DD3C461298B0EE2C
:1011F000481AF0EE690AB0EE490A01AA214600F049
:10120000CBF828B1DDED010A10EE900A504501DC63
:1012100002267FE0A4F1010A00EE10AA0025F0EEFC
:10122000689AB8EEC00AF7EE00AA80EE80AA66E0DF
:10123000554506D089EE898A18EE100AB0F17E5F16
:1012400001DDB0EE6A8A05A80090D8F8087004ABFA
:10125000B0EE480A03AA404602A9B8471C98554573
:101260009DED020A00EB85011D9881ED000A9DEDC0
:10127000030A00EB850282ED000A04D018EE100A82
:10128000B0F17E5F0EDB1E9800EB85011F9800EB2E
:101290008502C1ED008A681CC2ED008A6C1CCBF887
:1012A00000002EE012984FF0404CDDED040A00EBF8
:1012B00085001E9B90ED000A03EB85071F9B20EE27
:1012C000200A03EB850387ED000A90ED000ADDEDAF
:1012D000050A20EE200A83ED000A0968614507D857
:1012E000134B994204DC1168614501D8994201DD34
:1012F00004260FE090ED000A6D1C40EE0A9AA5420C
:1013000096DBB9F1000FCBF8004003D09DED010A48
:1013100089ED000A07B03046BDEC068B06B0BDE88B
:10132000F08F000000000000BD3786356F12833A51
:101330000000CC4270B520EE020A00EEE23A2DED3C
:10134000068BF0EE618A60EE239AB0EE419A0C466D
:10135000054623EE238AB0EE690A09F0B5FE39EEA0
:10136000888A20EE09AAB0EE480A09F0ADFE08EE20
:1013700080AAB0EE690A85ED00AA09F095FF20EE7B
:10138000099AB0EE480A09F08FFF08EE809A84EDC2
:10139000009ABDEC068B70BD70B506460D464D49F2
:1013A00014462DED088BB0EE409A19EE100AF0EEBF
:1013B00041AAF0EE608A884205DD18EE900A884264
:1013C00001DD022D03DA0020BDEC088B70BD1AEEA2
:1013D000900AB2EE04AAB0EE00BA9FED3F8A8842AE
:1013E00014DD29EE0B0A20EE2A0A0AEE0A0A0AF098
:1013F00025F8F0EE400AB0EE680A09F031FFF0EE91
:10140000408A38EECA0AC0EE2A9A01E0F0EE489A05
:1014100078EE8A0AB6EE000A20EE800A60EE290A0B
:10142000F4EEC90AF1EE10FA04DDC9EE009AB0EE4E
:10143000489A03E039EE600A80EE289A681E00EEB2
:10144000900AF8EEE00A39EE290A84ED000AC0EEAF
:1014500020AA002435E000BF00EE104AB8EEC00A12
:1014600020EE2A0AB4EEC90AF1EE10FA02D8B0EE64
:10147000680A21E0DFED190A30EE490A39EEA01AB8
:10148000C0EE010AB7EE000A09F0EAFEF0EE400AEB
:10149000B0EE480A09F0C0FEF0EE080A38EECA1AAB
:1014A00040EE4B0A20EE000A20EE200AF0EE680A19
:1014B00041EE400AB0EE600A06EB8400641C80ED49
:1014C000000AAC42C8DB06EB850000ED018A012072
:1014D0007AE700006F12833A000000005F708930E5
:1014E000264D08B521E000BF9DF80100F0B9BDF818
:1014F000020002281AD19DF8000030B1012808D05E
:10150000022809D0032811D109E0012C0ED10224B0
:101510000CE0012C09D009E0022C07D103E0032CD8
:1015200004D1287808B1042400E00024A86830B170
:10153000002369461A460AF05BF90028D4D034B17A
:10154000012C0ED0022C0CD0042C13D109E02878E9
:1015500080B100210222084600F012F850B10124A7
:1015600008E0287830B902220021012000F008F8B4
:1015700000B1032401200AF0CDF8D7E77408002455
:1015800008B503460948406800280CD08DF80030A3
:1015900000238DF801106946ADF802201A460AF0C2
:1015A00093F908B1002008BD012008BD740800248B
:1015B00000280DD0002180F834158187C1879FED68
:1015C000050AA0F84010416480ED080A80ED090A80
:1015D00070470000000000002DE9F04104462DEDA9
:1015E000028B9FED4C8A878F0D467E1EB142B0EE76
:1015F000480A2ED2681C484A81B204EB850004EBED
:10160000810190ED122AD1ED120A90ED3F1AD4ED2E
:10161000052AD1ED3F1A70EEC20A72EEC12A71EEB0
:10162000C11A94ED043A20EEA01A33EE422A01EEDC
:10163000A11A11EE100A90420BDD62EE200A42EE72
:10164000A10A80EE810AB7EE001AF0EE480A00F017
:10165000E9F800EE905A01EE106AF7EE001AF8EE83
:10166000600AB8EE411A30EE800AF0EE480A30EE19
:10167000210A00F0D7F8FCEEC00A10EE900A80B202
:1016800000EE900AB042F8EE600A30EE600A15D320
:1016900004EB870090ED110A84ED060A90ED3E0AF6
:1016A00084ED070A90EDC50A84ED080A90EDF20A70
:1016B00084ED090ABDEC028BBDE8F08104EB8000EB
:1016C00090ED131AD0ED120A31EE601A40EE010AC5
:1016D000C4ED060A90ED401AD0ED3F0A31EE601AD3
:1016E00040EE010AC4ED070A90EDC71AD0EDC60A14
:1016F00031EE601A40EE010AC4ED080A90EDF41ACA
:10170000D0EDF30A31EE601A40EE010AC4ED090A89
:10171000D0E7000000000000BD3786352DE9F0411C
:1017200006002DED028B4FD0B5EEC00AF1EE10FA97
:101730004AD00025DFED260A20EE208A41E000BFD6
:1017400006EB850494ED120A00F0EAFCF0EE400A84
:1017500094ED3F0AF0EE608A00F0EAFC08EE280AF9
:101760001C4910EE100A884204D810EE100A1A49DB
:10177000884201DD012700E000279FED181ADFED08
:10178000180A00F04FF800F049F984ED3F0A27B13C
:101790009FED140A84EDF30A11E094EDC61A94ED5E
:1017A000F30ADFED110ADFED111A20EE200A21EE17
:1017B000211A08EE010A80EE201A84EDF31A6D1C3E
:1017C000ADB2B08FA842BBD8BDEC028BBDE8F081B2
:1017D000ABAA2A3F000011C30000114300001143CF
:1017E000000011C3000000009A9939C06666663F88
:1017F000818F00229FED0A0A491E89B200EB810108
:10180000D1ED120AC0ED060AD1ED3F0AC0ED070A7C
:1018100080ED080A80ED090A80F834257047000041
:1018200000000000B4EEE00AF1EE10FA02D2B0EED1
:10183000600A7047B4EEC10AF1EE10FAF9DDB0EEBD
:10184000410A704770B5D0ED070A90ED060A0D46C3
:1018500004460831284600F0EFF894ED080ADFED61
:10186000100A9FED101A20EE200A85ED010AD4ED32
:10187000070A9FED0D0A00EEC10A00F0C7F931EE2C
:10188000400A71EEE00A9FED091AC0EE801AD4ED0D
:10189000090A21EE810A20EE200A85ED030A70BDB7
:1018A000BF2B023D9A993940000011439A9939C0E3
:1018B00000280B4607D0D0ED0B0A90ED0A0A11461E
:1018C000184600F0B9B8704730B50022848F9FEDFC
:1018D0002C0A13461CE000BF00EB8305D0ED041A70
:1018E000D5ED120A90ED052A95ED3F1A70EEE10A4A
:1018F00031EE421A60EEA00A41EE010AF4EEC00A8F
:10190000F1EE10FA02D2B0EE600A1A465B1C9BB2EE
:101910009C42E1D8A3B2B0F840405B1E9BB2944217
:1019200000D92246944217D1456C4FF47A74491B72
:10193000A14214D39A4212D2B1FBF4F19C1AA142F3
:1019400000D921460A4401EB4104C4EBC11192B213
:1019500005EBC101416402E04164A0F8402000EEC3
:10196000102AF7EE000AB8EE400A30EE200ABCEE6C
:10197000C00A10EE100A984200D9184680B230BD55
:10198000CAF24971002842D000F12C039FED200AD1
:10199000DFED200A80ED000A80ED010A80ED020AE9
:1019A00080ED030A80ED040A80ED050A80ED060A49
:1019B00080ED070A80ED080A80ED090A9FED161AEE
:1019C00080ED0A0A00210A4683EC030A80ED0E0A24
:1019D0008187C187A0F84010416480F8341580F8F1
:1019E000351500EB8201531C81ED120A81ED3F0A8F
:1019F00081ED6C0A9AB281ED990A81EDC60A01F572
:101A0000806381EDF30A2D2A83ED200AE9D3704724
:101A100000000000000020420000C8429FED041AB0
:101A2000DFED040A31EE401A81EE200A7047000013
:101A3000000011439A99394010B50C462DED028BE8
:101A400038B1DFED141A9FED141A00EE211A80ED63
:101A5000001A002C1BD09FED110A9FED118A00EE99
:101A6000C08AB0EE480A00F0D1F8F0EE602AB0EE7D
:101A7000413AB0EE612AF0EE400AB0EE621AF0EEA2
:101A8000431AB0EE480A00F00DF884ED000ABDECF0
:101A9000028B10BDBF2B023D14AE87BF9A9939400F
:101AA0000000114310B52DED068BB0EE609AB0EE3C
:101AB00040AA71EEC98AF0EE429AB0EE418AB0EEC9
:101AC000680A09F0CCFD10EE100A0949884204DCCE
:101AD000B0EE480ABDEC068B10BD3AEE490A79EE2D
:101AE000C80A20EE200AC0EE280A30EE880AF1E784
:101AF000BD37863510B50C462DED028B48B1DFEDB4
:101B0000131A9FED131A30EE610AC0EE011AC0EDF0
:101B1000001A002C17D0B0EE608AB0EE480A00F030
:101B20001DF8B0EE412AB0EE401AB0EE480AFFF7B9
:101B3000B9FF9FED081ADFED080A31EE401A81EE79
:101B4000200A84ED000ABDEC028B10BD14AE87BFE5
:101B5000BF2B023D000011439A99394010B52DED7D
:101B6000068BF0EE408A9FED240A00F04FF8B0EEAD
:101B7000619AF0EE40AAB0EE60AAF0EE419AB7EE9C
:101B8000008A00F0BDF820B39FED1C0A38EEC00AB1
:101B900020EE080AB5EEC00AF1EE10FA19D99FED51
:101BA000180A00F033F8B0EE619AF0EE40AAB0EEF9
:101BB00060AAF0EE419A00F075F850B19FED110A5D
:101BC00038EEC00A20EE080AB5EEC00AF1EE10FAAF
:101BD0000AD8B0EE6A0AF0EE4A0AB0EE691AF0EEE0
:101BE000491ABDEC068B10BDBDEC068BBDE810405C
:101BF0009FED050A00F00AB80000114348DCB33F2E
:101C000000000000234A6B400000B4C210B51C491C
:101C10002DED048BF0EE408A18EE900ADFED199A54
:101C20009FED198A884219DA00F06AF8B0B1F5EE32
:101C3000C08AF1EE10FA9FED159ADFED158A16DADB
:101C400000F030F898B19FED131ADFED131AB0EEE3
:101C5000490AF0EE680ABDEC048B10BD9FED0F0A37
:101C6000DFED0F0AB0EE691AF0EE481AF3E7B0EEB6
:101C7000690AF0EE480AB0EE491AF0EE681AEAE78F
:101C80000000B4420000B44248DCB33F0000000052
:101C9000234A6B400000B4C22B87C24000001143AE
:101CA00096430B3D10B52DED028B9FED118A00F090
:101CB00027F8D8B19FED0F0A09F0D1FC10EE100AF9
:101CC0000D4CA04212DDB0EE480A09F0C8FC10EE3F
:101CD000100AA0420ADD9FED090AB5EEC00AF1EE36
:101CE00010FA03DD0120BDEC028B10BD0020FAE7E5
:101CF00033C419402B87C240BD378635C69EAE40DF
:101D000010B59FED120A2DED028B9FED0F8A09F0A1
:101D1000A6FC10EE100A0E4CA04212DDB0EE480AEE
:101D200009F09DFC10EE100AA0420ADD9FED090AA1
:101D3000B5EEC00AF1EE10FA03DD0120BDEC028B16
:101D400010BD0020FAE70000FF5B1140234A6B4002
:101D5000BD378635994F474070B504000E462DEDCE
:101D60000A8BF0EE619AB0EE41AAB0EE608AF0EE16
:101D7000408A84B018D018EE900A09F036F998B16C
:101D800018EE100A09F031F970B11AEE100A09F0D4
:101D90002CF948B119EE900A09F027F920B194F80E
:101DA000340530B106202CE0002004B0BDEC0A8BD5
:101DB00070BDDFED46BAB0EE6B1ADFED450AB0EE4E
:101DC000480AFFF72FFDF0EE40AA9FED42CA88EEC9
:101DD0008C9AFFF723FE19EE100A4FF04042B0EE46
:101DE000408A90420CD819EE101A3B48814207DC19
:101DF00018EE101A914203D818EE101A814203DD32
:101E0000012084F83505CFE7F0EE690AB0EE4A0A02
:101E100003A902A8FFF76EFE9DED020A00F080F90B
:101E2000F0EE400A9DED030AB0EE60BA00F080F9D2
:101E3000F0EE4B0A7AEEC0AA78EEE08AB0EE680ABD
:101E400009F00DFC10EE100A244D9FED25BAA842B2
:101E500007DDB0EE6A0A09F002FC10EE100AA84293
:101E600002DCF0EE4B8A0BE028EEAA0AF7EE000A3D
:101E7000BFEE001AB4EEC0BAF1EE10FA70FE818A1D
:101E8000DFED183AB0EE6B3ADFED172AB0EE4C2AD0
:101E9000DFED161A9FED161AF0EE480AB0EE490A69
:101EA00001A96846FFF746FA9DEC021AB0EE683ABF
:101EB000F0EE692AB0EE4A2AF0EE480AB0EE490A7E
:101EC0003146204600F016F86FE70000000011438D
:101ED000000011C36666663F0000CC4217B7D138D8
:101EE0000000000035FA8E3C9A9939400080B643D4
:101EF0000000B4432DE9F041040088464FF000058E
:101F00002DED088B86B0B0EE439AF0EE62AAB0EEEB
:101F100042BAF0EE619AB0EE41AAB0EE608AF0EEFD
:101F2000408A059553D018EE900A09F05EF8002813
:101F30004DD018EE100A09F058F800287AD01AEEA1
:101F4000100A09F052F8002874D019EE900A09F02E
:101F50004CF8E0B31BEE100A09F047F8B8B31AEEDC
:101F6000900A09F042F890B394F8340518B10620AD
:101F700084F835055EE0F0EE6A0AB0EE4B0A2046C2
:101F800000F046F9D4ED050AB5EEC09AF1EE10FA6C
:101F9000DFED5BAA19D094ED040A00F0C1F8B0EEB1
:101FA00040BA94ED050A00F0C3F8DFED560AB0EE32
:101FB0006A1A69EE200A00EECB0ADFED530AFFF73A
:101FC00031FCFFF72BFDF0EE400A012100E031E08B
:101FD00084ED00AAC4ED019AB0EE681A84ED0A1AE5
:101FE00084ED0B8A84F8355504F1380084F83415F3
:101FF00005AEA58704F57373E58704F54672CDE950
:10200000036004F1FC018DE80E002D210220F0EEAA
:10201000481AD4ED0D2A94ED0C2A94ED040A04F12B
:10202000480304F59062FEF7F7FF48B184F83505E0
:1020300084F83455002006B0BDEC088BBDE8F08173
:102040000598002801DD2D2801DD0520EEE7B0EE22
:10205000490AA0872046FFF761FB0598211D9FEDE7
:102060002B8ADFED2B8A04EB80009FED2A9A90EDFE
:10207000110ADFED299A84ED0A0A9FED28AAD0ED16
:102080003E0AF0EE483AC4ED0B0AB0EE6A3AF0EEC2
:10209000682AB0EE492AF0EE691AB0EE4A1A2046D4
:1020A000FFF748F9A78F2D2F02D92D27002601E031
:1020B000002619E004EB860000F51971D0ED3F0A07
:1020C00090ED120AF0EE483AB0EE6A3AF0EE682A65
:1020D000B0EE492AF0EE691AB0EE4A1A00F5D8704F
:1020E000FFF728F9761CB6B2BE42E3D3C4F84480A9
:1020F000022184F834150120E587A4F840509AE7BE
:1021000000001143ABAA2A3F000011C335FA8E3CF0
:102110009A9939406666663F0080B6430000B44332
:10212000DFED020A20EE200A704700006666663F77
:10213000F0EE400A9FED031A9FED030A00EEC10A7C
:10214000704700009A993940000011432DE9F04191
:10215000040017460D462DED028BB0EE608AF0EEBE
:10216000408A18D0BFB118EE900A08F03EFF90B137
:1021700018EE100A08F039FF68B1A08F58B1F0EEE0
:10218000480AB0EE680A204600F042F894F8340598
:10219000022805D035E00020BDEC028BBDE8F081BF
:1021A000A08F01282AD0401E294686B22046FFF77C
:1021B0008BFB054601462046FFF70EFA681CE587B3
:1021C000B0421BD204EB8605D4ED040A95ED120A49
:1021D00030EE600A09F043FA10EE100A4FF07E5616
:1021E000B0420EDC95ED3F0AD4ED050A30EE600AF0
:1021F00009F035FA10EE100AB04202DC2046FFF773
:10220000F7FA39462046FFF71DFB0120C4E700001E
:1022100000F1140110B504461030FFF76BFC04F117
:102220000C01D4ED050A94ED040ABDE81040081F26
:10223000DFED063A9FED063ADFED062A9FED062A0E
:10224000DFED061A9FED061AFFF774B835FA8E3CDB
:10225000000011439A9939406666663F0080B64394
:102260000000B44310B5040013D0002084F85105D9
:1022700004F11800FFF79CF9206810B1204600F027
:10228000C9FAA068002804D02046BDE8104000F03C
:10229000FFBA10BD0168491C41F001010160BFF3A4
:1022A0005F8F08467047000070B5040015462DED9D
:1022B000048B11D0002DFCD068680028F9D068A1EB
:1022C000FEF7E0FD04F11806A8B1287A002803D132
:1022D000287810B1012807D0BFE03046FFF768F931
:1022E000204600F097FAB4E03046FFF761F9204647
:1022F00000F0CEFAADE068685BA1FEF7C3FD90B3D5
:102300002878022858D1287A032855D1E86808F09F
:1023100065FE002850D0286908F060FE00284BD0E8
:102320003046FFF745F9012184F8511595ED030A70
:1023300004F5806080ED550A95ED040A80ED560A9B
:10234000616891F8392012B191ED070A01E09FED23
:10235000490A80ED570AE16891F84420920703D5B5
:1023600091ED0A0A02E00DE09FED430A80ED580A64
:1023700009F0F9F901461438C4F86405204600F064
:1023800095FA66E068683DA1FEF77CFDA0B1287A69
:10239000032862D1D5ED038A95ED048A18EE900AE0
:1023A00008F01CFE40B118EE100A08F017FE18B134
:1023B000287810B1012822D04FE09FED339ADFED4D
:1023C000339A0420B6EE002AF0EE491AB0EE691AEC
:1023D000F0EE480AB0EE680A00F06CF8002839D038
:1023E00004212046B6EE002AF0EE491AB0EE691A32
:1023F000F0EE480AB0EE680A00F0E4F929E0E0687F
:1024000000F14C05407901F045F830B395ED000A34
:10241000B4EEE80AF1EE10FA1FDC95ED010AB4EE15
:10242000E80AF1EE10FA18D395ED020AB4EEC80AE4
:10243000F1EE10FA11DC95ED030AB4EEC80AF1EEE4
:1024400010FA0AD3F0EE480AB0EE680A204600F00F
:10245000EFF90120BDEC048B70BD0020FAE700000D
:1024600073746F700000000074705F6A6F696E743F
:102470000000000014AE87BF96430B3D706F736978
:1024800074696F6E0000000000003442CDCC4C3DFA
:10249000416891F838205AB191F8391041B1C068BB
:1024A00090F84400C10703D0800701D50120704790
:1024B0000020704710B504462DED068BB0EE409A13
:1024C000F0EE429AB0EE61AAF0EE418AB0EE608A78
:1024D00019EE100A08F082FDF0B318EE100A08F0A9
:1024E0007DFDC8B318EE900A08F078FDA0B31AEE8F
:1024F000100A08F073FD78B319EE900A08F06EFD2B
:1025000050B3032C02D0042C12D049E0B0EE490A9B
:1025100009F0A2F810EE100A2249884240DC18EEB9
:10252000100A214988423BDB204918EE100A31E0AD
:1025300019EE100A1E49884232D819EE100A1D49B8
:1025400088422DDC18EE100A1B49884228D818EE64
:10255000100A1A49884200E022E021DC18EE900AB5
:1025600010F1795F1CD818EE900A1549884217DCE3
:10257000B5EEC0AAF1EE10FA12DB1AEE100A1149FC
:1025800088420DDCF5EEC09AF1EE10FA08DB19EE88
:10259000900A0D49884203DC0120BDEC068B10BD7A
:1025A0000020FAE7009EB648B1FB8E3C9AF98E44B3
:1025B000000048C100004841000034C2000034421D
:1025C0000000C0410000FA430000A04010B5040024
:1025D0001ED094F8500530B904F11800FFF7D2F975
:1025E000012084F85005206890B1616881B1A0682D
:1025F00070B1E06860B1097851B1202908D801882C
:102600000F2905D84088B0F5006F01D2012010BD18
:10261000002010BDF0B50400154687B00CD0002D89
:102620000AD06868002807D05EA1FEF72BFC60B1D5
:10263000287810B1012803D07BE02068807901E080
:10264000A068807A002871D073E0686857A1FEF70F
:1026500019FC00286FD009F086F806462878022871
:1026600067D1287A032864D194F8510504F118053C
:10267000C0B12046FFF70CFF68B3E16804F5806045
:102680006268D0ED560AD1ED0A1A90ED550A92ED26
:10269000071A31462846FFF75FFB4FF00007F8B1F5
:1026A00084F851752046FFF7F3FEE0B3E0686A4610
:1026B0006168D0ED0A0A91ED070A31462846FFF716
:1026C00045FD80B36946204600F040F958B394F8C0
:1026D0004C0540BB0AE03146204600F0E7F828E010
:1026E0002846FEF765FF84F8517522E005AA2846C2
:1026F00004A9FFF7DDF86068DDED040A90ED070A34
:1027000030EE600A08F0A8FFD4ED040AB4EEE00A47
:10271000F1EE10FA0DD8E068DDED050A90ED0A0A39
:1027200030EE600A21E004E000E004E0012007B0A0
:10273000F0BD0020FBE768681FA1FEF7A3FB00289F
:10274000F7D0287A0328F4D1287895ED030AB8B198
:102750000128EED1E16891F84400C207E9D0800772
:10276000E7D5D1ED0A0A30EEC00A08F075FFD4EDC6
:10277000050A00BFB4EEE00AF1EE10FAD9D8D5E7A9
:10278000606890F838100029D3D090F839100029EB
:10279000CFD0D0ED070A30EEC00A08F05DFFD4EDCF
:1027A000040AE7E773746F700000000074705F6ADA
:1027B0006F696E7400000000706F736974696F6EEA
:1027C0000000000070B50D462DED068BB0EE428A7C
:1027D000F0EE618AB0EE419A0468F0EE609AB0EED5
:1027E00040AA2046FFF756FD0022A2710121257163
:1027F00084ED02AAC4ED039A84ED049AC4ED058A1F
:1028000084ED068AA171BFF35F8F401C2060BDEC90
:10281000068B70BD10B504682046FFF73BFD002114
:10282000A1712171BFF35F8F401C206010BD0000BB
:1028300070B505462DED028BB0EE608A8468F0EE2F
:10284000408A2046FFF726FD0022A2729FED0E0A65
:10285000DFED0E0A0121B6EE001AEA685279227104
:102860006171C4ED038A84ED048A84ED050AC4ED28
:10287000060A84ED071AA172BFF35F8F401C206027
:10288000BDEC028B70BD0000000000000000204283
:1028900010B584682046FFF7FDFC0021A17261712C
:1028A000BFF35F8F401C206010BD000070B505466F
:1028B0002DED028BD0F86405081A14283BD305F5DA
:1028C0008066C5F864159FED1F8A0421284696EDA1
:1028D000570AB6EE002ADFED191A9FED191AF0EE2D
:1028E000480AFFF76FFFAC682046FFF7D3FC0022D1
:1028F000A272DFED150A0121B6EE001AEA685279DC
:1029000022716171EA681288E280EA685288228145
:1029100096ED580A84ED030A84ED048A84ED058A55
:10292000C4ED060A84ED071A84ED088AA172BFF38C
:102930005F8F401C2060BDEC028B70BD00003442F4
:10294000CDCC4C3D000000000000204270B50600D8
:102950000C462DED028B37D0B4B39FED288ADFED06
:10296000288AF5680420B6EE002A4C3594EC020A59
:10297000F0EE481AB0EE681AFFF79CFD20B3F0683D
:10298000407900F087FDF8B194ED020AD5ED000A18
:10299000B4EEE00AF1EE10FA16D3D5ED010AB4EE6A
:1029A000E00AF1EE10FA0FDC94ED030AD5ED020A0D
:1029B000B4EEE00AF1EE10FA06D3D5ED030AB4EE58
:1029C000E00AF1EE10FA03DD0020BDEC028B70BDD1
:1029D00094EC020A04213046B6EE002AF0EE481AC2
:1029E000B0EE681AFFF7EEFED4ED030A94ED020A8A
:1029F0003046FFF71DFF0120E7E7000000003442EA
:102A0000CDCC4C3DFEE710B5040005D0206818B1D0
:102A100000F010F8A04201D0012010BD2068D0F8CD
:102A20008C00222804D02046BDE8104000F078B881
:102A3000002010BD074A002152F821302BB11B683D
:102A4000834202D152F821007047491C0829F3D370
:102A500000207047881C01242DE9F04104004FF04C
:102A6000080519D0C1B1BAB11F4E002056F8207028
:102A7000A74201D1054603E017B13F688F420BD052
:102A8000401C0828F2D3082D0BD1002556F825004C
:102A900028B16D1C082DF9D30120BDE8F081082D67
:102AA000FAD084E80E00802104F10C00FDF700FE4E
:102AB00000200121A4F88C1084F88E0084F88F0087
:102AC000C4F89000C4F89400C4F89800C4F89C00BE
:102AD000C4F8A000C4F8A400C4F8A800C4F8AC006E
:102AE00046F82540D9E70000881C012470B5040091
:102AF0000D4608D0206830B1FFF79CFFA04202D1FC
:102B00000DB1802D01D9012070BD2068D0F88C0056
:102B1000222803D00020A4F88C5070BD022070BD84
:102B200010B504000AD0206840B1FFF783FFA0422F
:102B300004D1B4F88C200AB1802A01D9012010BD3B
:102B4000206804F10C0104F052FA0028F7D0D4F800
:102B50009C10491CC4F89C1010BD70B5040005D031
:102B6000206818B1FFF766FFA04201D0012070BDB8
:102B70002468204604F0DEFA266808250423022291
:102B80000121356225682B6223681A62226811626E
:102B900070BD00002DE9F04F804E804FDFF8FC91B2
:102BA0001836DFF8F8A148370468856D0AF1300A55
:102BB000DFF8ECB14C45DFF8ECC1DFF8ECE16DD0AB
:102BC000B4426BD0544569D0BC4267D0DFF8D081A5
:102BD000A8F11808444561D05C455FD064455DD0DC
:102BE00074455BD0DFF8C481444557D0DFF8BC8121
:102BF00008F11808444551D0DFF8B08108F13008D9
:102C000044454BD0DFF8A48108F14808444545D03D
:102C1000DFF8988108F1600844453FD0DFF88C81E7
:102C200008F17808444539D0DFF8808108F1900830
:102C3000444533D0DFF8748108F1A80844452DD00D
:102C4000DFF86C81444529D0DFF8648108F114086D
:102C5000444523D0DFF8588108F1280844451DD0A9
:102C6000DFF84C8108F13C08444517D0DFF840817B
:102C700008F15008444511D0DFF8348108F16408A8
:102C800044450BD0DFF8288108F17808444505D089
:102C9000DFF81C8108F18C08444509D1D0E91948B6
:102CA000C4F80480C46E1CB1D0E91C48C4F8048088
:102CB00004684C452ED0B4422CD054452AD0BC4296
:102CC00028D0374E183EB44224D05C4522D064450B
:102CD00020D074451ED0354EB4421BD0334E18362A
:102CE000B44217D0314E3036B44213D02F4E48364E
:102CF000B4420FD02D4E6036B4420BD02B4E7836F6
:102D0000B44207D0294E9036B44203D0274EA8369D
:102D1000B44215D190F85C603F2406F01F06B44021
:102D2000AC600468256825F4802525602EE09A6053
:102D30000068C160BDE8F08F99600068C260F9E783
:102D40001B4EB4421BD01A4E1436B44217D0184E44
:102D50002836B44213D0164E3C36B4420FD0144E2F
:102D60005036B4420BD0124E6436B44207D0104EE7
:102D70007836B44203D00E4E8C36B442DAD190F895
:102D80005C60012406F01F06B4406C600468636058
:102D90008368402B0368CFD1C9E7000010000240D0
:102DA00088000240A0000240B80002401004024027
:102DB000085402582DE9F041AD4E04004FF00007D1
:102DC0007ED0207900F066FB0028F9D0E1880F2939
:102DD00076D82089B0F5006F72D2227973799A4241
:102DE00005D13288914202D1718888420DD00020ED
:102DF00000F0CCF93773A07A002875D12289E188D8
:102E0000207900F039F900286ED1994D61794C355F
:102E1000062955D8964800F02EFB002850D0A07AFD
:102E200000284DD0607900284AD0072848D2DFE832
:102E300000F0FA04608292ADC200E06808F0DCF8AD
:102E400000283DD0206908F0D7F8002838D0606904
:102E500008F0D2F8002833D0A06908F0CDF8002897
:102E60002ED0E06908F0C8F8002829D094ED030AB4
:102E7000D5ED000AB4EEE00AF1EE10FA20DBD5ED54
:102E8000010AB4EEE00AF1EE10FA19D894ED040A42
:102E9000D5ED020AB4EEE00AF1EE10FA10DBD5ED42
:102EA000030AB4EEE00AF1EE10FA09D894ED050A2F
:102EB000D5ED040AB4EEE00AF1EE10FA00DB00E012
:102EC0005AE0D5ED050AB4EEE00AF1EE10FA53D857
:102ED00094ED060AD5ED060AB4EEE00AF1EE10FA1A
:102EE0004ADBD5ED070A17E0A1E000BFD5ED090ADE
:102EF0005BE0E06808F080F8F0B3E06908F07CF887
:102F0000D0B394ED030AD5ED000AB4EEE00AF1EE79
:102F100010FA31DBD5ED010AB4EEE00AF1EE10FA59
:102F20002AD894ED070AD5ED080AB4EEE00AF1EECE
:102F300010FADBDA77E0E06808F05EF8E0B194EDD3
:102F4000030AD5ED000AB4EEE00AF1EE10FA6ADBEE
:102F5000D5ED010A29E0E06808F04EF860B120697B
:102F600008F04AF840B194ED030AD5ED000AB4EE3A
:102F7000E00AF1EE10FA00E007E054DBD5ED010ABB
:102F8000B4EEE00AF1EE10FA04D94CE0206908F042
:102F900033F8E8B394ED040AD5ED020AB4EEE00A82
:102FA000F1EE10FA3FDBD5ED030AB4EEE00AF1EEE4
:102FB00010FA3ED937E0E06808F01EF840B3206907
:102FC00008F01AF820B3206A08F016F800B394ED60
:102FD000030AD5ED000AB4EEE00AF1EE10FA22DBA6
:102FE000D5ED010AB4EEE00AF1EE10FA1BD894ED2B
:102FF000040AB5EEC00AF1EE10FA14DBD5ED030AAF
:10300000B4EEE00AF1EE10FA0DD894ED080A00E0F3
:1030100009E0B5EEC00AF1EE10FA04DB10EE100A7A
:103020001449884205DD002000F0B0F83773BDE890
:10303000F08194ED030A86ED040A94ED040A86ED0E
:10304000050A94ED050A86ED060A94ED060A86ED5A
:10305000070A94ED070A86ED080A94ED080A86ED42
:10306000090A607930730120BDE8F04100F08EB8A4
:10307000FC06002446B6D14070B514460D460646FF
:1030800000F008FA20B10F2D02D8B4F5006F01D37B
:10309000012070BD002000F079F8074801222B467E
:1030A000314600F0C5F90448002144800173001F37
:1030B0004180084670BD0000FC0600242DE9F04167
:1030C000114E0025341F777965703846658000F011
:1030D000E1F998B101233946201D1A4600F0A8F9FC
:1030E000212070800949221D0120357300F0D6FD92
:1030F00030B1032804D00920207002E00120FBE752
:1031000025702078BDE8F081FC0600245D360008BB
:1031100070B51C4800F0FEFD1B4C08B1207070BD5E
:10312000002626701848001D00F0A4F860780028DA
:10313000F5D015486425001D90F84410C90708D043
:1031400090F83C0001281AD0608890B1401E608041
:1031500070BD608838B1401E60800B48BDE870408B
:10316000001D00F0DFBA0848001D00F033F965804B
:10317000F3E70548001D00F02DF9658070BD6680FD
:10318000EBE70000CC060024F806002470B500B17F
:1031900001200B4C617888420AD00025607000281D
:1031A000658004F1040004D000F014F9642060800C
:1031B00070BD00F003F90248001D057370BD0000EA
:1031C000F806002400B5002889B034D01E490A68EA
:1031D000D3072FD1BFF35F8F0B798DF804304B7974
:1031E0008DF80530CB88ADF806300B89ADF8083086
:1031F0008B7A8DF80A3091ED030A8DED030A91ED7B
:10320000040A8DED040A91ED050A8DED050A91ED94
:10321000060A8DED060A91ED070A8DED070A91ED7C
:10322000080A8DED080ABFF35F8F09688A4201D151
:10323000CA0702D0002009B000BD242200916946CF
:10324000FDF7DAF90120F6E7F007002400280DD099
:103250009FED070A80ED060A80ED050A80ED040A5D
:1032600080ED070A80ED080A80ED090A704700002A
:103270000000000010B504002DED028B4ED0217B24
:1032800000F0F9F8002849D0D4F8F00058B1A16C4A
:10329000884247D094F844300022A06443F00101F2
:1032A000A4F8462003E094F8440020F0010184F8DB
:1032B0004410217B9FED408A99B3012962D00229F5
:1032C00004F1B0003DD0032928D1D4ED0A0A94EDD1
:1032D000040A05F0A5FA84ED050AD4ED0B0A04F101
:1032E000740005F09DFAD4ED170A84ED060AB4EED9
:1032F000E00AF1EE10FA06D9D4ED180AB4EEE00AAD
:10330000F1EE10FA01DBB0EE600A94F8440084EDAF
:10331000060A40F0040000BF84F84400BDEC028BB4
:1033200010BD40E0B4F846004FF6FF71884202D26B
:10333000401CA4F84600B4F84600B0F57A7FB2D23B
:10334000B7E7D4ED0A0A94ED040A05F069FAD4ED62
:10335000150A84ED050AB4EEE00AF1EE10FA06D97A
:10336000D4ED160AB4EEE00AF1EE10FA01DBB0EE8D
:10337000600A94F8440084ED050A84ED068A40F062
:103380000400C9E794F844004107C7D594ED0A0A40
:1033900020F0040084F8440084ED040A84ED058ADA
:1033A00084ED068ABAE794ED0A0A84ED058A84ED75
:1033B000068A84ED040AB1E70000000010B504009D
:1033C00007D0FD2100F06AF92046BDE81040FFF764
:1033D0003DBF10BD002802D0FC2100F05FB970474E
:1033E00028B1042805D0052806D0062807D00020DB
:1033F00070474FF4807070474FF4007070474FF47F
:1034000040707047094A002101EB410302EB43136E
:103410001B78834204D101EB410002EB401070475E
:10342000491C0329F0D3002070470000F8D500089C
:103430002DE9F0410400984617460E4619D008467B
:10344000FFF7E0FFF42105462046FDF731F927712B
:103450000020A4F80080002D608066712073A560B4
:1034600007D02822291D04F14C00BDE8F041FDF7EA
:10347000C3B8BDE8F08118B1806808B1062901D948
:10348000002070470122B0F85C008A401040F8D05C
:103490000120704700B5FFF7B5FF002800D00120DC
:1034A00000BD000070B52DED028BD0ED041AD0EDFB
:1034B000133A90ED143AF4EEE31AF1EE10FA02D852
:1034C000F0EE631A06E0F4EEC31AF1EE10FA01DB37
:1034D000F0EE431A90ED051AD0ED154AD0ED162AFC
:1034E000B0EE617AB4EEE41AF1EE10FA02D8B0EE62
:1034F000641A06E0B4EEE21AF1EE10FA01DBB0EE67
:10350000621AD0ED060AD0ED175A90ED185AB0EEB7
:10351000418AF4EEE50AF1EE10FA02D8F0EE650AFF
:1035200006E0F4EEC50AF1EE10FA01DBF0EE450A12
:1035300090ED072AD0ED196A90ED1A6AF0EE607AE4
:10354000B4EEE62AF1EE10FA02D8B0EE662A06E0F2
:10355000B4EEC62AF1EE10FA01DBB0EE462A90ED89
:10356000080AD0ED1B1A90ED1C1AB4EEE10AF1EE38
:1035700010FA02D8B0EE610A06E0B4EEC10AF1EE2C
:1035800010FA01DBB0EE410A007BDFED310A0228C0
:1035900002D0032807D102E0B0EE602A03E0B0EECB
:1035A000600AB0EE402A77EE638A38EE647A9FEDC7
:1035B0002A4ADFED280A32EE662A30EE618A77EE7B
:1035C000E57A27EE040A68EEA00A33EE637A22EE6B
:1035D000042A67EE843A28EE043A80EE874A72EEB7
:1035E000E42A71EE610A76EE664A35EE655A80EE9F
:1035F000221ABDEEC40A10EE104A260A0E704C7054
:10360000C2EE241ABDEEC10A10EE103A1C098C70ED
:103610001B0183EE202AFDEEE10A10EE900A0871EC
:1036200043EA1020C3EE852ABDEEC21A11EE102A1D
:1036300014094C711201FDEEE21A11EE905ACD718F
:10364000C870082042EA15228A71BDEC028B70BD59
:103650000000000000FF7F4700F07F4500B5B8B1D3
:10366000B1B102780B799A4212D1427882B982784C
:1036700072B9C278082A0BD3028A4B88C2F30A02B5
:103680009A4205D1027A0B8802F00F029A4201D0C9
:10369000002000BD05F004F9012000BD1CB50AA200
:1036A0000446D2E90002CDE900028DF80710207B24
:1036B000FFF796FE218808236A46084481B2204617
:1036C00000F006F81CBD0000FFFFFFFFFFFFFF003A
:1036D00070B5082B16468AB0054600D90823B1F507
:1036E000006F02D34FF0804000E0002000240294DD
:1036F000CDE90010184600F099FACDE903040594CD
:1037000032460694694607940894287900F06EFBC7
:10371000002804D1D5F8EC00401CC5F8EC000AB034
:1037200070BD000030B504004FF000002DED068B99
:1037300085B00190029071D0217B2046FFF79BFE5F
:1037400000286BD0207B0825072855D2DFE800F041
:103750003054545404090D002069019060690290AE
:1037600051E06069042501904DE094ED050A9FED5C
:103770002D1ADFED2D0A20EE010ABCEEC00A10EE74
:10378000100AADF80C0094ED090A20EE200ABCEEF8
:10379000C00A10EE100AADF8000020690190BDF8D3
:1037A0000C00ADF80800BDF80000ADF80A002AE0F2
:1037B0009FED1E0A94ED069A84ED060AD4ED058A63
:1037C00084ED050A94ED048A84ED040AD4ED079A89
:1037D00084ED070A94ED08AA84ED080AD4ED09AA3D
:1037E00084ED090A01A92046FFF75CFE054604F1B5
:1037F000100080EC068A04E001A92046FFF752FE83
:103800000546002D0AD0207BFFF7EAFD218801AA9A
:103810002B46084481B22046FFF75AFF05B0BDECA5
:10382000068B30BD0000C84200401C46000000006E
:1038300070B500287DD000297BD0082A79D30A787A
:10384000120980F83C20CD780B79B1F801202E01C7
:103850004C7903F00F05D0ED140A52BA46EA13135F
:1038600044EA05249FED3C2A90ED131A00EE102A3D
:10387000F6EE001A70EEC10AB8EEC00AD0F8F020D9
:1038800060EEA11A20EE800AC0EE022A32EE811A02
:103890005AB190ED100A31EE400AB4EEE10AF1EEB1
:1038A00010FA05DD30EE600A0BE080ED0A1A0EE03A
:1038B000F1EE611AB4EEE10AF1EE10FA01D230EE47
:1038C000200AD0ED0A0A30EE800A80ED0A0A80ED67
:1038D000101A01EE103A00EE904AD0ED161AB8EE2A
:1038E000C12AB8EEE01AD0ED150A9FED1C0A00249B
:1038F00071EEE01A21EE822AC2EE001A71EEA00AE1
:10390000C0ED0B0AD0ED181AD0ED170A71EEE01ACF
:1039100061EE811A81EE801A31EE200A80ED0C0AE8
:103920008B7900EE103AB8EE400A80ED0D0AC979A5
:1039300000E010E000EE101A521CB8EE400A80EDD4
:103940000E0A90F84410C0F8F020A0F8464041F06C
:10395000030180F8441070BD00FF7F4700F07F45F1
:10396000704772B6FEE7000005480549083902684D
:1039700042F00202026008688004FCD57047000033
:103980000C480258014801F001B8000084080024E6
:10399000F0B503684FF6FC716D4C426BD3F8845060
:1039A0008D4345EA8205C3F88450036853F8845F69
:1039B000068F25F47F0545EA06451D60836B654D3E
:1039C0009F180268D2F888308B4343EA8703C2F815
:1039D0008830026852F8883F868F23F4FE0343EA5A
:1039E00006431360066856F8A03FC26B8B4307EB93
:1039F000420243EA82033360076857F8A03FB0F8F9
:103A0000406023F4FE0343EA06433B60D0E91036EE
:103A100003FB06220368D3F8B0608E4346EA8206B1
:103A2000C3F8B0600368B0F84860D3F8B07027F40A
:103A3000FE0747EA0646C3F8B060D0E9126703689C
:103A400006FB0722D3F8AC608E4346EA8206C3F831
:103A5000AC60D0E91467036806FB0722D3F8F06076
:103A60008E4346EA8206C3F8F0600368B0F85860F7
:103A7000D3F8F07027F47C1747EA0646C3F8F060E5
:103A80000368876D53F8C06F02EB47028E4346EA26
:103A9000820119600168B0F85C20D1F8C03023F4CD
:103AA0007C1343EA0242C1F8C020016890F860200C
:103AB000D1F8C03023F07C5343EA0262C1F8C02041
:103AC000416B04EB8101C166826B01EB82020267EC
:103AD000C36B02EBC3024267D0E91034634302EBCD
:103AE00083028267D0E91234634302EB8302C26728
:103AF000D0E91434634302EB8302C0F88020836D65
:103B000002EBC303C0F88430C46D826E544303EBF0
:103B10008403C0F88830046E544303EB8402C0F879
:103B20009020AA420AD9D0F89C20032142F020021A
:103B3000C0F89C2080F898100120F0BD002200E021
:103B400004C1D0F890308B42FAD80020F0BD0000BC
:103B500000AC0040FCD30040F0B58E680C69D1E9A0
:103B6000005744EA0604DFB145F080452C43866ED9
:103B7000D1E906C54F695E4391F8203045EA0C054E
:103B8000B1F80CC0D0F884E0002047EA0363104F7E
:103B90001D430EEB860345EA0C45E3E8024511E0C0
:103BA00044EA8544E3E71418155CA67894F803C04A
:103BB00094F801E0360445EA0C6446EA0E252C43ED
:103BC000001D10C3CC683C5D8442ECD8F0BD000001
:103BD00064D50008082815D2DFE800F00406080ABA
:103BE0000C0E101200207047012070470220704711
:103BF0000320704704207047052070470620704757
:103C00000720704708207047012801D00020704726
:103C100000487047CC06002403490968814201D15D
:103C20000148704700207047CC060024082815D2B0
:103C3000DFE800F00406080A0C0E1012002070479E
:103C4000012070470220704703207047042070470E
:103C500005207047062070470720704708207047EE
:103C600070B5060016D00C4D002400BF04EB4400D4
:103C700005EB80014A6852B1337815F8200098426C
:103C800005D189683046904708B1012070BD641C99
:103C9000082CEBD3002070BD18180124F0B54FF0AC
:103CA000FF3478B171B16AB1124D002303EB4306C2
:103CB00005EB860677688F4206D1B668964203D137
:103CC0000320F0BD0120F0BD002C01DA07B91C462D
:103CD0005B1C082BEAD3002C01DA0220F0BD04EBB8
:103CE000440305EB830405F823000020C4E9011216
:103CF000F0BD0000181801240548602110B5FCF73C
:103D0000D7FC03482021BDE810406030FCF7D0BC50
:103D10001818012410B504000ED0206860B1E17CB1
:103D200061B101F0C9F90020A074627C2046217CB9
:103D3000BDE8104000F00CB8012010BD002010BDFF
:103D400020B1017511B1026A521C02620846704727
:103D50002DE9F843040090460D4605D0206818B1BF
:103D6000A17C21B1002132E00120BDE8F883012DC2
:103D700006D000214FF0607625B1022D02D002E07E
:103D80000121F7E7184E012D01D0022D01D146F097
:103D9000D0060A46012700973B4600F0C5FC08B153
:103DA000042114E020684246314600F0D6FC08B1F8
:103DB00006210CE020680022314600F03DFC08B1ED
:103DC000072104E0206801F05EF928B105212046B2
:103DD000BDE8F843FFF7B4BF2574002084F81180D4
:103DE000A774E074BEE700000D00800310B5FFF774
:103DF0000BFF04000FD0206868B1A37C5BB100F01A
:103E00005FFC002806D0A16A491CA1622168D1F894
:103E10009C10A16110BD012010BD00002DE9F84FDC
:103E2000044601F0B3FA00903CB194F83500022842
:103E300006D0802161650020E4E00120BDE8F88F14
:103E4000C74DC74EC649183520683036DFF8148391
:103E5000DFF814938842DFF814A3DFF814B328D0F6
:103E6000A84226D0B04224D0404522D0484520D098
:103E700050451ED058451CD0BD4A1832904218D02B
:103E8000BC4A904215D0BB4A1832904211D0B94A70
:103E9000303290420DD0B74A4832904209D0B54AEC
:103EA0006032904205D0B34A7832904201D0B14A94
:103EB0009032026822F001020260206888422ED00F
:103EC000A8422CD0B0422AD0404528D0484526D020
:103ED000504524D0584522D0A54A183290421ED0D1
:103EE000A44A90421BD0A34A1832904217D0A14A4C
:103EF0003032904213D09F4A483290420FD09D4AB0
:103F0000603290420BD09B4A7832904207D0994A57
:103F10009032904203D0974AA832904209D1026869
:103F200022F01E0202602068426922F08002426193
:103F300003E0026822F00E020260276888493846D2
:103F40008F424DD0A8424BD0B04249D0404547D0D7
:103F5000484545D0504543D0584541D08449183153
:103F600088423DD0834988423AD0824918318842FC
:103F700036D080493031884232D07E49483188423B
:103F80002ED07C49603188422AD07A4978318842E3
:103F900026D078499031884222D07649A83188428B
:103FA0001ED0754988421BD073491431884217D0FE
:103FB00071492831884213D06F493C3188420FD073
:103FC0006D49503188420BD06B496431884207D02B
:103FD00069497831884203D067498C318F4214D1C6
:103FE000206E016821F4807101600EE001F0CEF9CD
:103FF0000099401A052808D9202262650321002073
:1040000084F8351084F8340017E73868C007EDD11C
:10401000534A0121206890422ED0A8422CD0B042B1
:104020002AD0404528D0484526D0504524D0584570
:1040300022D04F4B183398421ED04E4B98421BD083
:104040004C4B1833984217D04A4B3033984213D018
:10405000484B483398420FD0464B603398420BD0C0
:10406000444B7833984207D0424B9033984203D068
:10407000404BA833984208D194F85C703F23A06D60
:1040800007F01F07BB40836007E094F85C30A06D29
:1040900003F01F0301FA03F34360206890424DD000
:1040A000A8424BD0B04249D0404547D0484545D0C2
:1040B000504543D0584541D02D4A183290423DD00A
:1040C0002C4A90423AD02B4A1832904236D0294A94
:1040D0003032904232D0274A483290422ED0254A80
:1040E000603290422AD0234A7832904226D0214A28
:1040F0009032904222D01F4AA83290421ED01E4ACF
:1041000090421BD01C4A1432904217D01A4A2832CF
:10411000904213D0184A3C3290420FD0164A503287
:1041200090420BD0144A6432904207D0124A78323F
:10413000904203D0104A8C3290420BD1D4E919023C
:104140004260E06E30B1026822F480720260D4E90D
:104150001C024260002084F8351084F834006DE6BB
:1041600010000240580002407000024088000240E7
:10417000A000024010040240085402582DE9F05FEC
:1041800028B190F83510022904D080214165012022
:10419000BDE8F09F764A764BDFF8D4C1183201684B
:1041A0003033744CDFF8D0B16145744D744E754FA7
:1041B000DFF8D4E1DFF8D4A1DFF8D49131D0914217
:1041C0002FD099422DD0A1422BD0594529D0A942B8
:1041D00027D0B14225D0B94223D0DFF8AC81A8F175
:1041E000780841451DD0DFF8A081A8F1600841455D
:1041F00017D0DFF89481A8F14808414511D0DFF8C5
:104200008881A8F1300841450BD0DFF87C81A8F106
:104210001808414505D0714503D0514501D04945A5
:104220002AD14FF0040880F8358061451FD09142B3
:104230001DD099421BD0A14219D0594517D0A9428F
:1042400015D0B14213D0B94211D04F4878388142CD
:104250000DD04D486038814209D04B4848388142E2
:1042600005D049483038814201D04748183808689D
:1042700020F00100086078E0D1F8008028F0010803
:10428000C1F800800168D1F8008028F00E08C1F85C
:1042900000800168614546D0914244D0994242D0A5
:1042A000A14240D059453ED0A9423CD0B1423AD07B
:1042B000B94238D0344A783A914234D0324A603ADE
:1042C000914230D0304A483A91422CD02E4A303A6E
:1042D000914228D02C4A183A914224D0714522D0DC
:1042E000514520D049451ED02A4A91421BD0294A27
:1042F0001432914217D0274A2832914213D0254ACE
:104300003C3291420FD0234A503291420BD0214A85
:104310006432914207D01F4A7832914203D01D4A3D
:104320008C32914218D1026E0121136823F48073FC
:10433000136090F85C30826D03F01F039940516068
:10434000D0E919124A60C16E31B10A6822F4807254
:104350000A60D0E91C124A600122016D002380F836
:10436000352080F8343001B18847002010E7000084
:1043700010000240580002407000024088000240D5
:10438000A0000240B800024088040240A00402409D
:10439000B804024008540258406D70472DE9F84FA8
:1043A00004008C464FF00000009014D094F83400C4
:1043B000012812D094F835500120002184F83400EF
:1043C000012D0CD0C00260650120009084F83410EB
:1043D0000098BDE8F88F0120FBE70220F9E78C4D3B
:1043E0000226206884F83560A8428A4D61658A4EAD
:1043F0008A4FDFF82C82DFF82C92DFF82CA2DFF84E
:104400002CB226D0A84224D0B04222D0B84220D02C
:1044100040451ED048451CD050451AD0584518D0AC
:104420008349884215D082491831884211D0804989
:10443000303188420DD07E494831884209D07C49CC
:104440006031884205D07A497831884201D0784974
:104450009031016821F00101016061462046FEF7BC
:1044600099FB6B49206888422CD0A8422AD0B042E0
:1044700028D0B84226D0404524D0484522D05045C7
:1044800020D058451ED06A4A90421BD0684A183244
:10449000904217D0664A3032904213D0644A483274
:1044A00090420FD0624A603290420BD0604A78321C
:1044B000904207D05E4A9032904203D05C4AA832C4
:1044C00090420CD1026822F01E0242F016020260F5
:1044D000206C88B12068026842F008020BE0026894
:1044E00022F00E0242F00A020260206C20B1206825
:1044F000026842F004020260206888424BD0A84261
:1045000049D0B04247D0B84245D0404543D0484555
:1045100041D050453FD058453DD0454A90423AD0D1
:10452000434A1832904236D0414A3032904232D01B
:104530003F4A483290422ED03D4A603290422AD0C3
:104540003B4A7832904226D0394A9032904222D06B
:10455000374AA83290421ED0364A90421BD0354A84
:104560001432904217D0334A2832904213D0314A45
:104570003C3290420FD02F4A503290420BD02D4AFD
:104580006432904207D02B4A7832904203D0294AB5
:104590008C3290420DD1206E0268D20303D502689E
:1045A00042F480720260E06E18B1026842F48072D8
:1045B00002602068884226D0A84224D0B04222D08F
:1045C000B84220D040451ED048451CD050451AD096
:1045D000584518D01649884215D0154918318842D7
:1045E00011D01349303188420DD0114948318842E9
:1045F00009D00F496031884205D00D497831884291
:1046000001D00B499031016841F001010160DFE602
:1046100010000240280002404000024058000240C2
:104620007000024088000240A0000240B800024032
:10463000100402400854025810B590F89830012B2D
:1046400009D0022B07D0D0F89C1041F00201C0F82D
:104650009C10012010BD03689C6D0C4203D1DC6DE1
:1046600044F0010404E09C6D31EA04041FD00324EB
:10467000DC658B0505D50368D3F8E0401443C3F827
:10468000E0404B0505D50368D3F8E4401443C3F874
:10469000E4400068084A01EA0203446D074A1C43EB
:1046A0004465106840EA91701060002010BDDC6D18
:1046B00044F00204DCE70000FFFFCF3F14A80040F5
:1046C00070B5044690F89800022804D0D4F89C00F5
:1046D00040F008000DE02068D0F8C03013F07C5F97
:1046E0000BD0D0F8C4309B020CD5D4F89C0040F419
:1046F0000070C4F89C00012070BDD4F89C0040F00C
:104700002000F6E7D0F8C400C0F3044520462B464D
:10471000FFF722FA21680120A840C1F8D000C4F8B0
:104720009400002070BD704730B590F89850039CFD
:10473000012D07D0D0F89C1041F00401C0F89C1066
:10474000012030BD0D01016845EA820040EA4300C6
:104750002043C1F88000002030BD90F89830012B34
:1047600009D0022B07D0D0F89C1041F00201C0F80C
:104770009C10012070470068012A826D03D00A4313
:104780008265002070478A43FAE710B50446FFF7B8
:1047900043FA002807D0D4F89C20092182610175D2
:1047A000016A491C016210BD10B50C46FFF734FACE
:1047B00000280BD0C461016AA20101F1010101626C
:1047C00004D5416A0122491C4162C27410BD000037
:1047D0000068402905D0D0F8B40000BF00F07F0089
:1047E0007047D0F8A400F9E7F0B590F8985000248D
:1047F000022D04D0D0F89C1041F0080130E040298F
:1048000005D0412930D0056D8D4220D94DE0056895
:10481000D5F8A04014F4FE0F19D0D5F8A4406406D2
:104820001AD0D5F8A440D5F8A460C4F30524F60145
:104830000AD5D5F8A06016F0004F05D5D5F8A050E0
:10484000641CC5F306452C40466F456C2BE0D0F840
:104850009C1041F0200103E0D0F89C1041F48071DD
:10486000C0F89C100120F0BD0568D5F8B04014F4E4
:10487000FE0FECD0D5F8B4406406EDD0D5F8B440C6
:10488000D5F8B460C4F30524F6010AD5D5F8B060B4
:1048900016F0004F05D5D5F8B050641CC5F3064599
:1048A0002C40866FC56C654302E0456DC66F4D4375
:1048B00006EB85052E6816F0804656602E6836D0C9
:1048C00026F060461660D5F800C000262D4F0CF08B
:1048D000005CC2F808C0D5F800C00CF0004CC2F86B
:1048E00010C0B5F804C01FFA8CFCC2F81CC0D5F883
:1048F00004C0CCF3034CC2F80CC0D5F804C00CF4CF
:10490000801CC2F814C0D5F804C00CF4001CC2F816
:1049100018C0D5F804C0CCF3066CC2F820C0D5F896
:1049200004C008354FEADC7CC2F824C007E0C6F3B7
:104930008A46C7E715F806C003F806C0761CD2F809
:104940000CC017F80CC0B445F4D840290AD041294E
:104950000CD020294FF001020CD200688A40C0F828
:1049600098200DE00068C0F8A84009E00068C0F891
:10497000B84005E0006801F01F018A40C0F89C20A3
:104980000020F0BD64D50008704700002DE9FF5FEE
:10499000DFF80CB304460BF10401DBF800002568D6
:1049A0000F68AA468007D5F85090696DD5F85080F9
:1049B0006E6D2A6DD5F854C02B6D00EA877000909B
:1049C00009F470496F6D286D01EA09010191DAF867
:1049D0005410DAF85490DAF8505008F00F0806EA4C
:1049E0000806029602F0F00203F071536FEA09061E
:1049F0001F4000F060700CEA020CCDF80CC0F2050C
:104A000001EA00090CD4E843C00509D400214FF4A1
:104A10008073CAF85030CBF800102046FFF7B4FF7F
:104A2000700512D4E84340050FD4206800234FF4EA
:104A30008068D0F8DC20D0F8E410C0F85080CBF8C3
:104A400000301140204600F07CFBDFF858A20098AF
:104A500050B12268830F00EA0A001065CBF80030DD
:104A600020460099FFF75FFE019850B12268830F3E
:104A700000EA0A001065CBF800302046019900F0EA
:104A800062FB029850B12268830F00EA0A001065A9
:104A9000CBF800302046029900F082FA039850B11A
:104AA0002268830F00EA0A001065CBF80030204628
:104AB000039900F0E7FA30050CD4E843000509D467
:104AC000236800204FF400621A65CBF800002046EE
:104AD00000F03AFBB00512D4E84380050FD42068FB
:104AE00000234FF40078D0F8D820D0F8E010C0F8B8
:104AF0005080CBF800301140204600F023FB3003FB
:104B00000CD4E843000309D4236800204FF40022AA
:104B10001A65CBF80000204600F040FAF0030CD4F0
:104B2000E843C00309D4236800204FF480321A659B
:104B3000CBF80000204600F003FB70030CD4E843E0
:104B4000400309D4226800204FF480231365CBF87A
:104B50000000204600F0F3FAB0030FD4E8438003CE
:104B60000CD4236800204FF400321A65CBF8000003
:104B7000D4F89C0040F08000C4F89C00B9F1000F0C
:104B80000BD022684FEA997309EA0A001065CBF846
:104B9000003049462046FFF707FE5FB12268BB0F91
:104BA00007EA0A001065CBF80030D4F89C003843BF
:104BB000C4F89C003C492068884268D160688146FE
:104BC0008068800763D0D9F82060D9F82410D9F81C
:104BD0002080D9F82400D9F820C0D9F82470D9F859
:104BE0002030D9F82450D9F8202003F4FC4306F0F3
:104BF0000F0AD9F824601D40D9F824B008F0300815
:104C00000CF4C07C02F4F02211EA0A0100EA080860
:104C100007EA0C0706EA0206D9F820A004D0C9F872
:104C20002010204600F088FAB8F1000005D0616835
:104C300008624146204600F081FA6FEA0B00400608
:104C40000ED46FEA0A0040060AD460684021C36BA4
:104C5000C26B01622046190C02F03F0200F06DFAAF
:104C60002FB1606807623946204600F064FA35B11A
:104C700060680562D4F89C002843C4F89C0036B1F3
:104C800060680662D4F89C003043C4F89C00D4F8F5
:104C90009C00002802D02046FFF777FDBDE8FF9F6B
:104CA00010A80040FFFFCF3F00A000402DE9F041D9
:104CB00094B08D494C2204466846FBF79DFC64B1D4
:104CC0008A4D2068A84202D100F58070606094F897
:104CD00098004FF0000820B108E0012014B0BDE8B2
:104CE000F081204684F8998000F002F920688169FB
:104CF00021F01001816100F049FB0327064604E022
:104D000000F044FB801B0A2811D820688069000746
:104D1000F6D42068816941F00101816100F036FB21
:104D200006460DE000F032FB801B0A2808D9D4F8B3
:104D30009C0040F00100C4F89C0084F89870CCE717
:104D400020688069C007EDD02068816941F00201C8
:104D50008161207C01282068816937D041F04001C1
:104D60008161607C01282068816932D021F4804112
:104D70008161A07C0128206881692DD041F4805197
:104D800081612068A268816921F4407111438161C9
:104D90002068816921F0A40181612068016921F006
:104DA00010010161E068012819D010B302281BD05E
:104DB0002068816941F0800181612068016941F0CA
:104DC00010010161E06803280ED012E021F04001DB
:104DD000C6E741F48041CBE721F48051D0E7206859
:104DE000816941F0040103E02068816941F02001FC
:104DF0008161207E6FF0FF02D4E90773A68A110259
:104E0000400602EB0727A0F10070384327685B1EBD
:104E1000184301EB06463043F861A068B0F5407FC7
:104E200011D104F12800A68C6FF00F0C89C801EB9A
:104E30000641401E02EB0322104322680CEB0713CD
:104E400018430843D060206E30B12068626ED0F8FD
:104E5000C0101143C0F8C010D4E917126846D142FF
:104E600009D02168A36E51F8C82F50F8233022F0E2
:104E700007021A430A60216C49B12168626C51F83B
:104E8000BC3F50F8226023F0070232430A60A16C55
:104E900051B12168E36C51F8BC2F50F8233022F057
:104EA000700242EA03120A60216D51B12168626DFD
:104EB00051F8BC3F50F8220023F4E06242EA00209F
:104EC00008602068A84204D16068816821F003016D
:104ED0008160C4F894800121C4F89C8084F8981003
:104EE0002046FEF755FDF9E674D5000800A0004005
:104EF00070B5B6B00446142130A8FBF7D9FBC02129
:104F00006846FBF7D5FB2249206888423ED1002144
:104F100002240D464FF400408DE813001422C026F1
:104F2000CDE90324CDE9076180031C900423099196
:104F3000CDE90534684600F0CBFC08B1FEF711FD61
:104F40001448016841F480710160006800F48070C9
:104F5000359010480C38016841F008010160006884
:104F600030AA092100F008003590032082E83100C2
:104F7000CDE93351084830A900F0E8F800220521B6
:104F8000132000F0F3FA132000F0E2FA36B070BDFF
:104F900000A00040EC440258000C0258704700008A
:104FA0002DE9F0418046354892B00268424529D14A
:104FB000334C06460807206800F101002060E161DB
:104FC00002D56069401C606148074FF000054FF052
:104FD00080474CD5A069401CA06148E02821684664
:104FE000FBF766FB18210AA8FBF762FB40216A4623
:104FF00010AB404610951195FFF7F6FB28B12069DC
:10500000401C206112B0BDE8F0816068401C606007
:10501000019808B1B84227D1029828BB30798DF8A1
:1050200028000198B84201D1012000E000208DF84D
:1050300029008DF82A5000980E900398FEF7CAFDBB
:1050400008288DF82B0002D908208DF82B00C2B259
:1050500010A90CA8FBF7D0FA0AA8FEF701FE18B1B8
:10506000A068401CA06002E0E068401CE0604021B5
:105070004046FFF7ADFB0028B0D1C3E7CC060024C3
:1050800078180124704790F89810012907D0D0F8BB
:105090009C1041F00401C0F89C10012070470221CF
:1050A00080F89810002201688B6923F001038B615E
:1050B000C0F89C201046704710B590F89810002258
:1050C000022906D0D0F89C1041F00801C0F89C10CD
:1050D00012E0016803238C6944F001048C610168CB
:1050E0000DE0322A0AD900BFD0F89C1041F001012E
:1050F000C0F89C1080F89830012010BD521C8C69BB
:10510000E407EED08C69002224F010048C61016861
:1051100002E0322AE8D8521C8C692407F9D48C6941
:105120000023012244F002048C61C0F8943080F81E
:105130009820184610BD70477047704770477047F9
:105140007047704770477047704700002DE9F84F6F
:1051500003247F4D00234FF001094FF0B04B4FF077
:105160000F0AEDE009FA03F632407AD00F7907F022
:105170000307012F01D0022F19D187684FEA430E90
:10518000D1F80CC004FA0EF827EA08070CFA0EFC56
:105190004CEA070CC0F808C0D0F804C00F792CEA1C
:1051A000060CC7F300179F4047EA0C0747600E79CB
:1051B000F643B60702D18E68012E0BD0C6684FEABF
:1051C00043088F6804FA08FC26EA0C0607FA08F779
:1051D0003743C7600E7906F00306022E12D1DE08AF
:1051E0000F694FEA437C00EB8606B646366A4FEA03
:1051F000DC6C0AFA0CF807FA0CF726EA08063743C3
:10520000CEF820700F7906684FEA430807F00307CD
:1052100004FA08FC07FA08F726EA0C063743076089
:105220004E6816F4403F1CD04A4E376847F00207DC
:10523000376036689F0706F00206009623F00306E3
:1052400006F1B046B6463F0FD6F80864DFF808818D
:105250000AFA07FC404526EA0C0603D14FF0000C81
:1052600041E06CE0DFF8F4C0604502D14FF0010C82
:1052700039E0DFF8ECC0604502D14FF0020C32E0BB
:10528000DFF8E0C0604502D14FF0030C2BE0DFF8FF
:10529000D8C0604502D14FF0040C24E0DFF8CCC048
:1052A000604502D14FF0050C1DE0DFF8C4C0604539
:1052B00002D14FF0060C16E0DFF8B8C0604502D10D
:1052C0004FF0070C0FE0DFF8B0C0604502D14FF09F
:1052D000080C08E0DFF8A4C0604502D14FF0090CCB
:1052E00001E04FF00A0C0CFA07FC4CEA060CCEF871
:1052F00008C44F68DBF80060FF0226EA020600D50A
:1053000016435F46CBF80060D1F804C0DBF80460B8
:105310005FEA8C2C26EA020600D516437E606E6892
:105320004F6826EA0206BF0300D516436E602E685A
:105330004F6826EA0206FF0300D516432E605B1C69
:105340000A6832FA03F67FF40DAFBDE8F88F00006B
:1053500080000058F444025800000258000402582B
:1053600000080258000C025800100258001402589D
:1053700000180258001C025800200258002402584D
:1053800001480068000C70470010005C014880680C
:105390007047000010000024024881680278114420
:1053A0008160704710000024032010B500F0FEF863
:1053B00001F006F90F4A104914681368C4F3032278
:1053C00003F00F038A5CC95C02F01F0201F01F01A9
:1053D000D0400A4A20FA01F11160094908600F2003
:1053E00000F010F808B1012010BD00F09FF8002077
:1053F00010BD000018440258E8D500082000002421
:105400001C00002410B5102804468AB02CD20022BB
:105410000146372000F0AAF8372000F099F8174825
:1054200004601748016841F020010160006809A983
:1054300000F020000890684601F04EF80598B0B1E1
:1054400001F09AF840000F4900220F4CB0FBF1F137
:105450000E4840F2E7330460C0E90332491EC0E958
:10546000011201F054FC28B101200AB010BD01F076
:1054700083F8E8E7054801F07DFCF6E71400002416
:10548000E844025840420F0000140040B8090024CC
:10549000154BF0B5083B427813491A600B680A1F98
:1054A00023F001030B6043681360057BC67A827AA0
:1054B000437B2D07847B45EA0665C77B90F809C0CE
:1054C000067A90F800E045EAC24040EA834040EAAC
:1054D000444040EA074040EA0C2040EA460040EAE7
:1054E0000E000860F0BD0000A0ED00E0BFF35F8F8C
:1054F000044800210368034A23F4803303607032B8
:105500001160704724ED00E0074A40F001000649B1
:1055100070321060086840F480300860BFF34F8F2D
:10552000BFF36F8F7047000024ED00E0074882B0A2
:10553000016841F002010160006800220F2100F0C3
:1055400002000090901E02B000F010B8F44402581F
:10555000002809DB410900F01F028900012001F148
:10556000E0219040C1F80001704700000E4BF0B4FC
:105570001B680D46C3F30223C3F10706042E00D9AE
:105580000426191D072901D2002300E0DB1E012497
:1055900004FA06F19C40491E2940641E99401440BB
:1055A0002143F0BC05F044BD0CED00E0064900F0DD
:1055B000070210B54FF6FF040868044B204040EA8C
:1055C00002201843086010BD0CED00E00000FA0551
:1055D000134970B50A68D243520705D5096801F02E
:1055E0000701814213D118E00A6822F00702024342
:1055F0000A60FFF7CBFE0A4D4FF47A760446083D69
:1056000007E000BFFFF7C2FE001BB04201D9012036
:1056100070BD2868C0438004F4D4002070BD000031
:105620000C48025810B500F085FF05490968054A85
:10563000C1F30211515C01F01F01C84010BD000010
:1056400020440258E8D50008494930B5484C0B1DA4
:105650000A68143409681D68246802F00303C5F35E
:105660000012C1F30531C4F3CC04002914FB02F28B
:1056700000EE102AF8EE400A75D03F4A9FED3D1A21
:10568000B7EE000A6BB1DFED3D1A012B01D0022B02
:1056900064D002EE101A1168F8EE422A81EEA22AB6
:1056A00021E0334C283C23689B0612D5344B2468F8
:1056B00001EE901A1168C4F3C104F8EE612AE340C8
:1056C00001EE903AC1F30801F8EE611A81EEA22AC8
:1056D0000BE001EE901ADFED2B2A00BFF8EE611A05
:1056E000116882EEA12AC1F3080101EE901A116837
:1056F000F8EE611A40EE811A71EE800A62EE200A1D
:10570000C1F3462101EE101AB8EE411A31EE001A2B
:10571000C0EE811ABCEEE11A80ED001A1168C1F3E7
:10572000064101EE101AB8EE411A31EE001AC0EE31
:10573000811ABCEEE11A80ED011A1168C1F306610D
:1057400001EE101AB8EE411A31EE000A80EE801A0E
:10575000BCEEC10A80ED020A30BD04E001EE901AF1
:10576000DFED092ABAE70021016041608160F3E7BB
:105770002844025800000039384402580024744A72
:105780000090D0030024744C0024F44B494930B5F8
:10579000484C0B1D0A681C3409681D68246802F017
:1057A0000303C5F30022C1F30551C4F3CC0400295F
:1057B00014FB02F200EE102AF8EE400A75D03F4AC0
:1057C0009FED3D1AB7EE000A6BB1DFED3D1A012BDC
:1057D00001D0022B64D002EE101A1168F8EE422AB2
:1057E00081EEA22A21E0334C283C23689B0612D587
:1057F000344B246801EE901A1168C4F3C104F8EE2A
:10580000612AE34001EE903AC1F30801F8EE611A13
:1058100081EEA22A0BE001EE901ADFED2B2A00BFE9
:10582000F8EE611A116882EEA12AC1F3080101EEB7
:10583000901A1168F8EE611A40EE811A71EE800A32
:1058400062EE200AC1F3462101EE101AB8EE411AA9
:1058500031EE001AC0EE811ABCEEE11A80ED001A9A
:105860001168C1F3064101EE101AB8EE411A31EE8B
:10587000001AC0EE811ABCEEE11A80ED011A11681F
:10588000C1F3066101EE101AB8EE411A31EE000ABA
:1058900080EE801ABCEEC10A80ED020A30BD04E041
:1058A00001EE901ADFED092ABAE70021016041609C
:1058B0008160F3E728440258000000394044025850
:1058C0000024744A0090D0030024744C0024F44B4C
:1058D0002DE9FE4F0546DFF8E48350F8081B00244D
:1058E000F64FC943019005F12800264608F1240827
:1058F000009008011DD4A86E50B1B0F5801F0CD0E7
:10590000B0F5001F0ED0B0F5401F1ED001240FE0EF
:10591000386840F40030386017E00198022103F045
:1059200003F903E00098022103F08EF904000CD083
:1059300026462888C043C00523D4A86D05281ED25A
:10594000DFE800F00C11161B1B00AA6ED8F800103F
:1059500021F440111143C8F80010EAE7386840F418
:105960000030386009E00198002103F0DDF803E021
:105970000098002103F068F9044674B100E00124A6
:1059800026462888C043800528D4E86D80281ED08C
:105990000CDC90B140280ED114E0AA6DD8F80010AC
:1059A00021F007011143C8F80010EAE7C02813D01E
:1059B000B0F5807F10D001240FE0386840F400304B
:1059C000386009E00198002103F0AEF803E0009888
:1059D000002103F039F904469CB126462888DFF8F7
:1059E000DC92C04309F12C0940052CD4D5F8A8005D
:1059F000B0F5800F20D00DDCA0B1B0F5001F0FD1A5
:105A000015E0EA6DD8F8001021F4E0711143C8F8F0
:105A10000010E3E7B0F5C00F13D0B0F5000F10D0C1
:105A200001240FE0386840F40030386009E0019844
:105A3000002103F079F803E00098002103F004F955
:105A400004467CB126462888C04300052DD4D5F8ED
:105A5000AC00B0F1007F21D00EDCA8B1B0F1807FA6
:105A600010D116E0D5F8A820D9F8001021F4600173
:105A70001143C9F80010E6E7B0F1407F13D0B0F150
:105A8000806F10D001240FE0386840F40030386097
:105A900009E00198002103F047F803E00098002195
:105AA00003F0D2F8044674B126462868C04380014A
:105AB0001FD4E86CD8B110280FD0202812D030287D
:105AC00015D0012414E0D5F8AC20D9F8001021F04D
:105AD000E0611143C9F80010E7E7386840F400308E
:105AE000386004E00198022103F01EF8044674B106
:105AF00026462888C043C0042BD4286EB0F5005F2A
:105B000020D00DDCA0B1B0F5805F0FD115E06B485F
:105B1000EA6C2030016821F0300111430160E8E7B0
:105B2000B0F5405F13D0B0F5804F10D001240FE0E6
:105B3000386840F40030386009E00198002102F034
:105B4000F3FF03E00098002103F07EF804468CB1D7
:105B500026462888C043800429D4686EB0F5403FAB
:105B600023D010DC08B3B0F5803F14D0B0F5003F6F
:105B70000FD115E02A6ED8F8001021F4E04111434E
:105B8000C8F80010E5E7B0F5802F0ED0B0F5A02FD3
:105B90000BD001240AE00198012102F0C5FF03E0C7
:105BA0000098012103F050F8044694B12646288855
:105BB000C04340042AD4D5F8B000B0F1405F23D0F0
:105BC00010DC08B3B0F1805F14D0B0F1005F0FD1EA
:105BD00015E06A6ED8F8001021F4E0211143C8F8EE
:105BE0000010E4E7B0F1804F0ED0B0F1A04F0BD021
:105BF00001240AE00198012102F096FF03E00098D9
:105C0000012103F021F8044674B126462888C043D8
:105C100000041FD4286FD8B1B0F1805F0ED0B0F16E
:105C2000005F10D0012414E0D5F8B020D9F800109E
:105C300021F0E0411143C9F80010E7E7386840F46B
:105C40000030386004E00198012102F06DFF044645
:105C500074B126462868C043C0011ED4A86CD0B1D8
:105C600001280ED0022811D0032814D0012413E0FB
:105C70002A6FD8F8001021F040511143C8F80010E5
:105C8000E8E7386840F40030386004E00198022109
:105C900002F04AFF0446ACB126462868DFF81CB083
:105CA000C043ABF11C0B400252D40548016841F4DB
:105CB00080710160FFF76AFB824611E02C440258B4
:105CC00000480258FA48AA6C016821F00301114308
:105CD0000160E2E7FFF75AFBA0EB0A00642835D821
:105CE000F4480068C005F5D58CBBDFF8C4A3B5F84F
:105CF000B4100AF1240ADAF8000001F4407100F44B
:105D00004070884211D0DAF80010DAF8002021F44F
:105D1000407142F48032CAF80020DAF8002022F400
:105D20008032CAF80020CAF80010D5F8B400B0F5E7
:105D3000807F1AD1FFF72AFB029012E0FFF726FBC3
:105D40000299411A41F2883081420AD90324264639
:105D50002878DFF85CA3C0430AF1080AC00721D005
:105D60003CE0DAF800008007E8D5D5F8B410C1F3BC
:105D70000120032858460DD0016821F47C510160B0
:105D8000B5F8B420DAF80010C2F30B021143CAF8D8
:105D90000010DDE7C84A036802EA111223F47C51BF
:105DA0001143ECE7E86F182816D005DCA0B10828ED
:105DB00008D0102804D10AE020280DD028280BD0C4
:105DC00001240AE00198012102F0AEFE03E00098F0
:105DD000012102F039FF044664B126462878C04309
:105DE00080071ED4A86F062819D2DFE800F0160C31
:105DF00011161616EA6FDAF8001021F03801114377
:105E0000CAF80010EAE70198012102F08DFE03E0D4
:105E10000098012102F018FF04467CB100E0012443
:105E200026462878C04340071FD4D5F8940006289A
:105E300019D2DFE800F0160C11161616AA6FDAF860
:105E4000001021F007011143CAF80010E9E701989A
:105E5000012102F069FE03E00098012102F0F4FE46
:105E60000446A4B100E0012426462878C0438006F9
:105E70002BD4D5F89000B0F1405F24D011DC10B3E2
:105E8000B0F1805F15D0B0F1005F10D116E0D5F809
:105E90009420D9F8001021F007011143C9F800102F
:105EA000E3E7B0F1804F0ED0B0F1A04F0BD001244A
:105EB0000AE00198002102F037FE03E00098022179
:105EC00002F0C2FE044694B126462878C04340063C
:105ED0002BD4D5F89C00B0F5406F24D011DC10B362
:105EE000B0F5806F15D0B0F5006F10D116E0D5F881
:105EF0009020DAF8001021F0E0411143CAF80010B8
:105F0000E3E7B0F5805F0ED0B0F5A05F0BD00124C1
:105F10000AE00198002102F007FE03E00098022148
:105F200002F092FE044694B126462878C04300064B
:105F30002BD4D5F8A000B0F5C04F24D011DC10B39D
:105F4000B0F5005F15D0B0F5804F10D116E0D5F850
:105F50009C20D9F8001021F4E0511143C9F8001039
:105F6000E3E7B0F5004F0ED0B0F5204F0BD0012481
:105F70000AE00198002102F0D7FD03E00098022119
:105F800002F062FE044654B126462878C04300075A
:105F90001ED4D5F88400B0F5805F0AD00FE0D5F8A4
:105FA000A020D9F8001021F460411143C9F8001075
:105FB000EBE70098022102F047FE00B10126D5F878
:105FC0008420DAF8001021F440511143CAF800107F
:105FD0002878C043C00613D4D5F89800B0F5807F68
:105FE00005D10098022102F02FFE00B10126D5F85C
:105FF0009820D9F8001021F440711143C9F800101D
:106000002868C043000316D4D5F8A40038B1B0F511
:10601000803F09D0B0F5003F0BD001240AE0019881
:10602000002102F081FD03E00098022102F00CFE45
:1060300004468CB126462868C043400322D4D5F8D4
:106040008800B0F5801F11D0B0F5001F13D0B0F557
:10605000401F15D0012414E0D5F8A420D9F8001071
:1060600021F440311143C9F80010E4E7386840F4E6
:106070000030386004E00098012102F0E5FD04469C
:106080005CB126462868C043C00323D4286DA8B15C
:10609000B0F5803F17D001241BE0D5F88820DAF84E
:1060A000001021F440111143CAF80010EAE7000083
:1060B0004C44025800480258CFFFFF00386840F4B3
:1060C0000030386004E00198022102F02DFD044602
:1060D000E4B126462868C043800005D40098022118
:1060E00002F0B2FD00B101262868C04380031BD432
:1060F000D5F88000B0B1B0F5807F0FD0B0F5007F4B
:1061000010D0B0F5407F0DD001240CE05A482A6D24
:10611000016821F4803111430160DBE7386840F405
:1061200000303860ECB326462868C043C00207D46C
:106130006A6FD8F8001021F000411143C8F8001030
:106140002868C043C00008D4D5F8B820DBF8001098
:1061500021F480411143CBF800102868C04380022D
:1061600007D4EA6ED8F8001021F080711143C8F806
:1061700000102868C04340000CD4DBF8001021F464
:106180000041CBF80010DBF80010D5F8BC2011431B
:10619000CBF800102868C04308D437486A6D0168FE
:1061A00000E018E021F04051114301602868C0432D
:1061B000000208D4D5F88C20DAF8001021F4400150
:1061C0001143CAF8001028790024C04300F00100F0
:1061D00020430AD00FE0D5F88020DAF8001021F42F
:1061E00040711143CAF800109EE70198002102F0A7
:1061F0009BFC00B106462879C04300F00200204312
:1062000005D10198012102F08FFC00B106462879E2
:10621000C04300F00400204305D10198022102F0A0
:1062200083FC00B106462879C04300F008002043F3
:1062300005D10098002102F007FD00B1064628793B
:10624000C04300F01000204305D10098012102F066
:10625000FBFC00B106462879C04300F0200004434F
:1062600004D10098022102F0EFFC00B916B1012020
:10627000BDE8FE8F0020FBE74C4402582DE9F05F9B
:1062800004000F467ED0DFF83882D8F8000000F016
:106290000F00B8420CD2D8F8001021F00F0139439A
:1062A000C8F80010D8F8000000F00F00B84269D11B
:1062B0002078844D40070AD52069296801F07001D3
:1062C000884204D9296821F07001014329602078AF
:1062D0007C4E361D00070AD56069316801F07001F7
:1062E000884204D9316821F070010143316020787F
:1062F000C0060AD5A069316801F4E061884204D97A
:10630000316821F4E061014331602078DFF8B4B1F5
:1063100080060BF1080B0CD5E1695846DBF800202C
:1063200002F07002914204D9026822F070020A431E
:106330000260207880070AD5E068296801F00F0123
:10634000884204D9296821F00F010143296020788F
:10635000C0073ED05B49A2682868183920F47060F5
:10636000104328606068022818D0032819D00968F3
:10637000012819D0490700294ADADFF848A1AAF113
:10638000080A00E044E0DAF8002022F007020243A5
:10639000CAF80020FEF7FAFF814612E00968890377
:1063A000E9E709688901E6E7C905E4E7FEF7EEFFDA
:1063B000A0EB090141F28830814202D90320BDE8F7
:1063C000F09F6168DAF8000000F03800B0EBC10F10
:1063D000ECD1207880070AD5E068296801F00F0128
:1063E000884204D2296821F00F0101432960D8F8BE
:1063F0000010404601F00F01B9420BD9016821F0AD
:106400000F0139430160006800F00F00B84201D06D
:106410000120D4E7207840070AD52069296801F0D7
:106420007001884204D2296821F07001014329607B
:10643000207800070AD56069316801F07001884250
:1064400004D2316821F07001014331602078C00628
:106450000AD5A069316801F4E061884204D231684C
:1064600021F4E06101433160207880060CD5E169B8
:106470005846DBF8002002F07002914204D2026814
:1064800022F070020A43026000F09AF80E492A686E
:106490002B68C2F3032203F00F038A5CC95C02F08D
:1064A0001F0201F01F01D040084A20FA01F11160DB
:1064B0000749086007480068BDE8F05FFEF7A2BF23
:1064C0000020005218440258E8D50008200000249B
:1064D0001C0000241400002470B5144C3F220260FC
:1064E000124A24680832131D114D04F00704446059
:1064F00016681C1D06F470668660166806F00F06A6
:10650000C660126802F0700202611A6802F070023E
:1065100042611A6802F4E0628261226802F070024D
:10652000C261286800F00F00086070BD1044025876
:106530000020005230B500F043F80B4A0B490C4BD9
:1065400015681468C5F3032204F00F048A5C095D22
:1065500002F01F0201F01F01D040064A20FA01F1AB
:1065600019601060084630BD18440258E8D500088C
:10657000200000241C00002400B5FFF7DBFF0549C4
:106580000968054AC1F30211515C01F01F01C840BE
:1065900000BD00001C440258E8D5000800B5FFF714
:1065A000C9FF05490968054AC1F30221515C01F0A0
:1065B0001F01C84000BD00001C440258E8D5000877
:1065C000454970B545480968434B103B11F0380206
:1065D00008D00111082A03D0102A0BD0182A0BD09A
:1065E000084670BD19688906FBD51968C1F3C10159
:1065F000C84070BD3A4870BD3749374D18310C1D41
:1066000024350A68096826682D6802F0030406F03C
:106610000102C1F30511C5F3CC0515FB02F200EE32
:10662000102AB8EE400AE9B32F4ADFED2E0AB7EE82
:10663000001A6CB1DFED2D1A012C01D0022C43D0D1
:1066400002EE101A1068F8EE422A81EEA22A1EE02D
:106650001C68A40611D51B6801EE901A1168C3F3DB
:10666000C103F8EE612AD84001EE900AC1F3080098
:10667000F8EE611A81EEA22A0BE001EE901ADFED2E
:106680001C2A00BFF8EE611A106882EEA12AC0F33E
:10669000080001EE900AF8EE611A40EE201A31EE81
:1066A000810A00E015E022EE000A1068C0F34620DF
:1066B000401C00EE900AF8EE600A80EE201ABCEE54
:1066C000C10A10EE100A70BD01EE901ADFED092A22
:1066D000D8E7002070BD0000104402580090D0039D
:1066E0000048E80100000039304402580024744A90
:1066F0000024744C0024F44B2DE9F05F04007DD09D
:10670000FF4F2078FE4D1837DFF8F493103DC00797
:1067100048D0D9F80000396800F03800102815D0AA
:10672000182803D101F0030002280FD06068B0F5EB
:10673000803F12D010B1B0F5A02F18D0286820F4F7
:1067400080302860286820F4802009E028688003D1
:1067500028D560680028D2D024E0286840F4803032
:106760002860606888B1FEF711FE064609E02868D7
:1067700040F480202860F0E7FEF708FE801B6428C4
:106780006FD828688003F7D50CE0FEF7FFFD0646BA
:1067900005E000BFFEF7FAFD801B6428F0D82868EA
:1067A0008003F7D4207841F20308D54E0C3E8007D1
:1067B00069D5D9F80000396810F038000ED01828D3
:1067C00001D188070AD0E06890B3296821F0190147
:1067D00001432960FEF7DAFD824631E02868400770
:1067E00002D5E06800288AD0E168286820F0190006
:1067F00008432860FEF7CAFD824607E0DFE000BFDD
:10680000FEF7C4FDA0EB0A000228B9D828684007AB
:10681000F6D500BFFEF7B4FD40451BD820694028DF
:1068200012D0316821F47C3141EA003030602AE036
:1068300018E000BFFEF7AAFDA0EB0A0002289FD8CF
:1068400028684007F6D5E5E7306820F47C3040F44E
:106850000030EBE7207C316821F0FE4141EA006026
:10686000E4E70DE1286820F001002860FEF78EFDC6
:10687000824605E0FEF78AFDA0EB0A0002288DD8CB
:1068800028684007F6D42078C0065DD5D9F8000006
:10689000DFF86CB2396800F03800ABF1040B08285F
:1068A00010D0182803D101F0030001280AD0E069B4
:1068B0000028286838D040F080002860FEF766FD88
:1068C000824623E02868C00523D5E069802876D178
:1068D0001FE0206A202821D0316821F0F84141EAE8
:1068E0008060306030E000BF94F82010DBF80020BA
:1068F00022F07C5242EA0161CBF8001024E000BF94
:10690000FEF744FDA0EB0A00022898D82868C005CD
:10691000F6D5FEF735FD4045E6D8DAE7306820F0D9
:10692000F84040F08040DCE720F080002860FEF76F
:106930002DFD064605E000BFFEF728FD801B02285E
:106940009DD82868C005F7D42078000729D56C4861
:106950006169643000298046016811D041F001016D
:106960000160FEF713FD064605E000BFFEF70EFDD1
:10697000801B0228C9D8D8F800008007F6D510E09F
:1069800021F001010160FEF701FD064605E000BFB0
:10699000FEF7FCFC801B022872D8D8F800008007A4
:1069A000F6D42078800623D5A0690028286810D066
:1069B00040F480502860FEF7E9FC064605E036E129
:1069C000FEF7E4FC801B02285AD828688004F7D51B
:1069D0000EE020F480502860FEF7D8FC064604E064
:1069E000FEF7D4FC801B02284AD828688004F7D41C
:1069F000207840074FD5DFF80C81D8F8001041F41B
:106A00008071C8F80010FEF7C1FC064605E000BF23
:106A1000FEF7BCFC801B642832D8D8F80000C00503
:106A2000F6D5374EA068603601280AD008B105288F
:106A300013D0306820F001003060306820F004008E
:106A400002E0306840F001003060A06841F2883A0E
:106A500090B1FEF79BFC80460AE0306840F00400ED
:106A60003060EEE7FEF792FCA0EB0801514507D835
:106A700030688007F6D50EE0FEF788FC804607E018
:106A800084E000BFFEF782FCA0EB080151457DD8F1
:106A900030688007F6D4606AB0B3DFF86480D9F854
:106AA000001008F120084FF6F87B08F10409C1F343
:106AB000C2010329A8F1040A69D00228286820F03D
:106AC0008070286003D0FEF761FC044684E0FEF786
:106AD0005DFC064605E000BFFEF758FC801B02285F
:106AE00077D828688001F7D4E26A40F2F331386839
:106AF00054F8283F884340EA02101843386004E005
:106B00001044025800480258B5E0217B43462289D0
:106B10004FF4FE0C208A4FF0FE474902267D521E9C
:106B2000401EA1F50071C2F308088AB2761E0CEA75
:106B3000004042EA08020243504607EA06610A435F
:106B40001A60DAF8002022F00102CAF80020D9F811
:106B50000020266A22EA0B0242EAC602C9F8002097
:106B6000DAF80010A26921F00C011143CAF80010F4
:106B70000168E26921F0020111430160016841F4FA
:106B800080310160016841F4003101E021E027E03B
:106B90000160016841F480210160016841F0010158
:106BA0000160286840F080702860FEF7EFFB044623
:106BB00005E000BFFEF7EAFB001B022809D82868A1
:106BC0008001F7D557E000BFFEF7E0FB001B02286D
:106BD00002D90320BDE8F09F28688001F4D44AE080
:106BE00039680128D8F8000021D0A26A01F0030317
:106BF00093421CD1E26AC1F305118A4217D1216B7D
:106C0000C0F30802491E8A4211D1616BC0F34622CB
:106C1000491E91420BD1A16BC0F30642491E91421D
:106C200005D1E16BC0F30660491E814201D001200D
:106C3000D0E7A16C4E46D9F80000C0F3CC008142E9
:106C400019D0DAF80000554620F00100CAF800001B
:106C5000FEF79CFB4FEA0007FEF798FBB842FBD01B
:106C6000A26C306820EA0B0040EAC200306028685D
:106C700040F0010028600020ACE700002DE9F04161
:106C800004001D4616460F4603D0D4F8880018B1FC
:106C900008E00120BDE8F081002084F8840020464F
:106CA00000F0B6FC2420C4F888002068016821F0B8
:106CB00001010160A06A10B1204602F033FF2046B6
:106CC00003F0E0FA0128E5D0206871050D4A41EA99
:106CD0000541836843F4804383602068836823F41C
:106CE00000433B4383602068036813400B43036009
:106CF0002068016841F0010101602046BDE8F041D3
:106D000002F074BFFFFF00FC70477047704710B57A
:106D1000040003D094F83D0010B107E0012010BD3D
:106D2000002084F83C00204600F022F8022084F87D
:106D30003D002068211D02F0B1FD012084F84800CB
:106D400084F83E0084F83F0084F8400084F8410055
:106D500084F8420084F8430084F8440084F8450035
:106D600084F8460084F8470084F83D00002010BDF8
:106D70007047000090F83D10012901D001207047B4
:106D8000174A022180F83D100168CB6843F00103E7
:106D9000CB600068904214D0B0F1804F11D01149FF
:106DA00088420ED0104988420BD01049884208D042
:106DB0000F49884205D00F49884202D00E498842C7
:106DC00007D181680D4A1140062906D0B1F5803FF0
:106DD00003D0016841F0010101600020704700000C
:106DE000000001400004004000080040000C00408A
:106DF000000401400018004000400140070001006D
:106E000070472DE9F041044600680027C66805690F
:106E1000A90713D5B10711D5FA1E02610121217707
:106E2000206880698007204602D0FFF7E9FF04E070
:106E300000F08BF8204600F089F82777680716D510
:106E4000700714D5226802206FF0040111612077C9
:106E50002068806910F4407F204602D0FFF7D0FF01
:106E600004E000F072F8204600F070F82777280759
:106E700015D5300713D5226804206FF00801116181
:106E800020772068C0698007204602D0FFF7B8FF4E
:106E900004E000F05AF8204600F058F82777E8069A
:106EA00016D5F00614D5226808206FF01001116184
:106EB00020772068C06910F4407F204602D0FFF799
:106EC0009FFF04E000F041F8204600F03FF82777EC
:106ED000E80708D0F00706D021686FF001000861CC
:106EE000204600F035F8280601D4A80408D530065D
:106EF00006D521686FF4025008612046FFF705FFB0
:106F0000E80508D5300606D521686FF48070086161
:106F10002046FFF7F9FE680608D5700606D52168F9
:106F20006FF040000861204600F01CF8A8060AD562
:106F3000B00608D521686FF0200008612046BDE842
:106F4000F041FFF7E3BEBDE8F081704770470000F5
:106F500000680349884201D1FEF71EBA704700005D
:106F600000140040704730B590F88410012918D003
:106F7000012280F884202421C0F8881000222024D7
:106F800001680B680D6823F0005325F001050D60C2
:106F9000426601680B60C0F8884080F88420104683
:106FA00030BD022030BD10B5044690F884000128A1
:106FB0001BD02420012184F88410C206C4F8880064
:106FC00020680168036841F0005123F00103036069
:106FD000626620680160204602F082FD2021C4F82C
:106FE0008810002084F8840010BD022010BD70B508
:106FF0000446D0F88C000025202801D0022070BD66
:1070000069B162B10123E36600202067204603F0E6
:107010000FFBE06E012804D00125284670BD012039
:1070200070BD216810200862216851E8000F40F00F
:10703000100041E80002002AF6D1EEE770B50D46D7
:107040000646FBF7F7FC040023D0D6F89000002892
:107050001FD1B4F88C00A84200D2054694F88F00E6
:1070600078B975B16019C07A84F88E00D4F89000B0
:10707000401CC4F89000D4E9013204F10C00294608
:107080009847002084F88F002046BDE87040FBF749
:1070900047BD70BD704770B5044690F88400012864
:1070A0001DD0012284F884202420C4F888002068A0
:1070B0000568026822F0010202602068826822F0FE
:1070C00060620A438260204602F00AFD22682021A5
:1070D00000201560C4F8881084F8840070BD022078
:1070E00070BD70B5044690F8840001281DD00122BF
:1070F00084F884202420C4F8880020680568026889
:1071000022F0010202602068826822F060420A4395
:107110008260204602F0E4FC2268202100201560F5
:10712000C4F8881084F8840070BD022070BD7047D8
:107130007047000070B50446216851E8000F20F444
:10714000907041E80002002AF6D1234A20680830F6
:1071500050E8001F114040E80013002BF6D1E06E0C
:10716000012808D1216851E8000F20F0100041E803
:107170000002002AF6D1206800258068400618D554
:107180002068083050E8001F21F0400140E800125C
:10719000002AF5D1D4F8800058B10565D4F88000F4
:1071A000FCF73CFE28B1D4F88000FDF7F5F8202864
:1071B0000DD022680F20202110622068826942F0E1
:1071C00008028261C4F88C10E566002070BD1020B2
:1071D000C4F89000032070BDFEFFFFEF70B50546B8
:1071E000FBF728FC04003AD0D5F89000002836D0F0
:1071F00054F8941F020701F1010121606060A4F1BD
:10720000940404D5D4F8A010491CC4F8A010410778
:1072100004D5D4F8A410491CC4F8A410810704D5DF
:10722000D4F8A810491CC4F8A810C10704D0D4F899
:10723000AC10491CC4F8AC1010F0380F03D1D5F8CD
:107240008C00222811D0002084F88F002046FBF704
:1072500084FC28B1D4F89C00401CC4F89C0070BD8C
:107260002046BDE87040FBF75BBC012084F88F002E
:1072700070BD00002DE9F04107680025044640F686
:107280000F030226F8693968BA6818420AD18306E2
:107290007ED501F0200302F0805C53EA0C0377D026
:1072A000616F7EE1D44BDFF854C3134001EA0C0C4C
:1072B00053EA0C0C6CD05FEAC07C0CD05FEAC15C76
:1072C00009D54FF0010CC7F820C0D4F8907047F0F2
:1072D0000107C4F89070870709D5D70707D027683A
:1072E0003E62D4F8906046F00406C4F89060460709
:1072F0000AD5D60708D0276804263E62D4F89060E5
:1073000046F00206C4F8906006070CD501F020068E
:107310001E4308D0266808233362D4F8903043F027
:107320000803C4F8903003050BD54B0109D5266836
:107330004FF400633362D4F8903043F02003C4F874
:107340009030D4F89030002B3DD0800609D501F064
:10735000200002F08051084303D0616F09B120463C
:1073600088472168D4F890008968490602D410F053
:10737000280F2AD0204602F0DBFC206880684006F7
:107380001ED52068083050E8001F21F0400100E0C1
:1073900021E040E80012002AF3D1D4F8800078B14F
:1073A00097490165D4F88000FCF7E8FE00280AD070
:1073B000D4F88000016D00E02046BDE8F0410847A8
:1073C0002046FFF70BFFBDE8F0812046FFF706FFE0
:1073D000C4F89050F7E7D4F86CC02023BCF1010F3B
:1073E0007ED15FEAC06C7BD55FEAC16C78D5102096
:1073F000386220688068400673D5D4F880208149BF
:107400001068884234D07F491831884230D07D4995
:10741000303188422CD07B494831884228D0794984
:107420006031884224D077497831884220D075492C
:10743000903188421CD07349A831884218D07249D3
:10744000884215D070491831884211D06E493031C8
:1074500088420DD06C494831884209D06A49603170
:10746000884205D068497831884201D06649903118
:1074700040684FF480770004000C40D0B4F85C10F2
:1074800081423CD9A4F85E00D069B8422FD021686F
:1074900051E8000F20F4807041E80002002AF6D184
:1074A0002068083050E8001F21F0010140E8001278
:1074B000002AF5D12068083050E8001F21F0400173
:1074C00040E80012002AF5D1C4F88C30E566206847
:1074D00050E8001F21F0100140E80012002A01E0EE
:1074E0004AE019E0F3D1D4F88000FCF797FC266756
:1074F000B4F85C00B4F85E10401A81B208E0B4F849
:107500005C1081427FF466AFD069B842FAD1266739
:107510002046FFF793FD56E7B4F85C00B4F85E1020
:10752000B4F85E20401A81B2002AF4D00029F2D0CB
:10753000226852E8000F20F4907042E80007002F04
:10754000F6D1324F206800F1080050E8002F02EA1F
:10755000070240E8002CBCF1000FF3D1C4F88C30D6
:10756000E5666567226852E8000F20F0100042E8E7
:107570000003002BF6D1CAE7C60209D5560207D58B
:107580004FF4801038622046BDE8F041FFF7D0BDCF
:1075900006060AD501F0800602F40002164304D064
:1075A000A16F00297FF408AF0DE7420611D54A0606
:1075B0000FD52046016851E8002F22F0400241E833
:1075C0000024002CF6D1C0F88830856700F030F92F
:1075D000F9E6020206D54A0004D52046BDE8F0418E
:1075E000FFF7A5BDC00196D5002994DA2046BDE875
:1075F000F041FFF74FBD0000010000102001000422
:10760000979C00081000024010040240FEFFFFEFAC
:107610002DE9F041B6B00446142130A8F9F748F836
:10762000C0216846F9F744F82B492068884250D1B8
:10763000002102240C940C220D9401200E94CDE91B
:10764000000113020D46CDE90A42CDE90F311020A9
:1076500011911F906846FEF73BF908B1FCF781F9DC
:107660001E48016841F010010160006800F0100040
:1076700035901A481038016841F001010160006836
:10768000012730A9DFF8588000F001003590072667
:107690003496780281E8B1004046FDF757FD30A9E5
:1076A000B80281E89100CDE933564046FDF74EFD22
:1076B00030A9380381E83100CDE933564046FDF763
:1076C00045FD002202212520FDF750FF2520FDF772
:1076D0003FFF36B0BDE8F08100100140F044025891
:1076E00000000258704700002DE9F84F0446D0F81A
:1076F0008800984615460E46202802D00220BDE894
:10770000F88F96B38DB300214FF02109C4F8901083
:10771000C4F888901834FDF739FE824654F8100CEE
:10772000A587E587183CB0F5805F01D1206910B1CD
:107730003546002600E000255FF02007B4F856002B
:1077400053464FF00002CDF80080E0B18021204682
:1077500002F0F6FFE0B955B115F8010B2168886217
:10776000D4F8881039EA010007D00120C7E736F8BD
:10777000020B2168C0F30800F1E7B4F85600401E80
:10778000A4F85600DAE74021204602F0D9FF18B1EC
:10779000C4F888700320B2E7C4F888700020AEE710
:1077A00070B50446D0F88800202801D0022070BDB2
:1077B00039B332B3E06F002321652125A4F85420AA
:1077C000A4F85620C4F89030C4F88850D8B11549B0
:1077D000C163E16F14480864E16F1448C864E06F46
:1077E000036513462068E56F00F12802216D2846E5
:1077F000FCF7D4FD38B11021C4F890102020C4F853
:107800008800012070BD216840200862206808308F
:1078100050E8001F41F0800140E80012002AF5D135
:10782000002070BDE59C0008259D0008A19C000873
:1078300070477047FEE710B54FF00004EFF3058086
:1078400048B905F081FB012806D0EFF3108010B98C
:10785000EFF3118000B10124204610BD194800212A
:107860002DE9F041164B01278160062503600422B3
:10787000C160022401740D26417408238774C0E995
:107880000527C0E90765C0E90D14C0E90927C0E96B
:107890001121C0E91321C0E91521C0E91712C0E97F
:1078A0001912C0E90F43C0E90B65FDF7FFF9002885
:1078B00003D0BDE8F041FCF754B8BDE8F08100000A
:1078C00000A000408408002410B502F07FF808B939
:1078D000FCF747F8144A0021144804F031F8144C1E
:1078E0000021114A6C3AE060124804F029F8206047
:1078F00008B9FCF736F80C4A00210F48483A04F062
:107900001FF8606008B9FCF72CF8074A00210B4803
:10791000243A04F015F80028A06003D1BDE8104017
:10792000FCF71FB810BD000040D50008CD96000838
:1079300000000024B1850008E114000869990008DE
:107940000D4808B5016841F080010160016801F04F
:1079500080010091016841F001010160016801F0BE
:1079600001010091016841F008010160006800F028
:107970000800009008BD0000E04402581F480021A4
:1079800010B51D4C0C221E4B0460C0E90131C160D2
:107990000B46C0E9041281610A46C161016241627D
:1079A0008162FFF76BF908B1FBF7DBFF1348002199
:1079B000FFF797FB08B1FBF7D4FF10480021FFF752
:1079C0006AFB08B1FBF7CDFF0C48FFF7CCFA08B112
:1079D000FBF7C7FF09484FF00071FFF75CFB08B1E8
:1079E000FBF7BFFF0548FFF7DEFA002803D0BDE82C
:1079F0001040FBF7B6BF10BD001001402409002461
:107A0000003E490070B5040002D02079042801D955
:107A1000002080E0604D6079297888420AD05F4973
:107A200049780029F4D1A17900297DD100F0CCF862
:107A3000002879D1A0790028EAD020790028E7D061
:107A400001286CD0564E02287AD003286ED0042824
:107A5000DED1A06803F0DEFA0028D9D0E06803F098
:107A6000D9FA0028D4D0206903F0D4FA0028CFD066
:107A7000606903F0CFFA0028CAD0A06903F0CAFAFF
:107A80000028C5D04749A0688842C1D846498842E5
:107A9000BEDC4649E0688842BAD845498842B7DC2E
:107AA000206910F1795FB3D842498842B0DC94ED87
:107AB000050AB5EEC00AF1EE10FAA9DB10EE100AC5
:107AC0003D498842A4DC94ED060AB5EEC00AF1EE09
:107AD00010FA9DDB10EE100A3849884298DC00BF8E
:107AE00094ED020A85ED010A94ED030A85ED020A80
:107AF00094ED040A85ED030A94ED050A85ED040A68
:107B000094ED060A85ED050A94ED030A85ED060A53
:107B10002079A8700120BDE8704000F09BB8206972
:107B200003F078FA002802E035E009E016E083D09F
:107B300094ED040A2249B0EEC00A10EE100ACCE718
:107B4000E06803F067FA002887D094ED030AB0EEEE
:107B5000C00A10EE100AB042C2DD59E7A06803F077
:107B600059FA0028F9D0E06803F054FA0028F4D05C
:107B700094ED020AB0EEC00A10EE100AB042ECDC3E
:107B800094ED030AB5EEC00AF1EE10FAE5DB0D49FB
:107B900010EE100AA1E770BD501B0124300800242C
:107BA000009EB648000048C100004841000034C2B1
:107BB000000034420000C0410000FA430000A04031
:107BC000ACA41B449AF98E44411E202910B502D260
:107BD0000549497809B1012010BD01210246034839
:107BE00000F0C7F8002010BD30080024501B01240D
:107BF00070B50A4C00250122094811466570A57030
:107C000000F0B7F8064A01200649FCF747F8207053
:107C10002078032800D12570207870BD300800241A
:107C2000501B0124317F000810B5084C607820B14A
:107C3000BDE81040064800F081B9A078002804D0C3
:107C4000034800F077F90020A07010BD3008002430
:107C5000501B012400B1012006494A78904203D00C
:107C60000022487008B18A707047034B01209A7057
:107C70008870704730080024501B012400B500288C
:107C800087B02AD019490A68D30725D1BFF35F8F7F
:107C90000B798DF804304B798DF805308B798DF8A0
:107CA000063091ED020A8DED020A91ED030A8DED89
:107CB000030A91ED040A8DED040A91ED050A8DED9C
:107CC000050A91ED060A8DED060ABFF35F8F09687C
:107CD0008A4201D1CA0702D0002007B000BD1C2291
:107CE00000916946F8F788FC0120F6E73408002483
:107CF000B4EEE00AF1EE10FA02D2B0EE600A06E04D
:107D0000B4EEC10AF1EE10FA01DDB0EE410A012134
:107D100070EE601A8140491E00EE101A71EE600A82
:107D2000B8EE400A21EE800A80EE201ABCEEC10AAD
:107D300010EE100A80B27047002809D0C36B0022F1
:107D4000416C994205D0C1630123428780F83830E5
:107D500070470029FCD0418F4FF6FF73994201D242
:107D6000491C418789B2B1F57A7FF1D380F8382078
:107D7000704770B5040015460E4606D04821F8F746
:107D800097FC667000202570A07070BD70B50C4621
:107D90002DED028BF0B3ECB301786278914260D1A3
:107DA0004178B9BB8178A9BBC178082959D3028A27
:107DB00021789FED598A01F5A063C2F30A0293422C
:107DC00034D1027A8A424CD1B0F80950C37A017B8F
:107DD000427B68BA1B0101F00F0543EA111610211E
:107DE000F2EE090ABAEE090A42EA052500F016FA8F
:107DF0000C2184ED070ADFED490A9FED490A304660
:107E000000F00CFA84ED080A0C21F3EE080ABBEE30
:107E1000080A00E025E0284600F000FAC0EE080A53
:107E200084ED090A0021C4ED0A0A6FE001F5107122
:107E3000914216D1017A9FED3B2A9FED3B0A9C2986
:107E400013D008DC802961D081295FD0922935D0F8
:107E50009A2906D144E0A12907D0A22905D0A42956
:107E600003D00020BDEC028B70BDB0F90A3090F950
:107E7000095000EE903AB0F90C2001EE905AF8EE5D
:107E8000E00A01EE102AB0F90E00F8EEE12A60EEE9
:107E9000820A01EE900AB8EEC11AC4ED0B2AF8EE80
:107EA000E11A20EE882A21EE001AC4ED0A0A84EDB8
:107EB000092A21EE800A84ED081A0EE0837B82896C
:107EC000C07B63F31F4242EA006000EE900AF8EEC6
:107ED000E00A60EE820A20EE800A84ED070A15E0CF
:107EE00090F90920DFED110A00EE102AB8EEC00A61
:107EF00084ED0B0A828992B200EE102AB8EE400A95
:107F000020EE200A84ED0C0AC089A086204600F0ED
:107F100099F90120A6E700003333F33F0000344213
:107F2000000034C20AD7233C35FA8E3CCDCCCC3D80
:107F3000FFF72CBF812100F027B900001CB5040019
:107F400038D02078002835D0202833D82046FFF7B5
:107F5000F3FEA07801280AD002280DD003282AD0E9
:107F6000042820462CD0BDE81C40FFF7E3BF204684
:107F7000BDE81C4000F018B900200090A22101903B
:107F80008DF8001001A89FED101A94ED020ADFEDA4
:107F90000F0A20EE010A20EE200ABDEEC00A10EE04
:107FA000101A00F015F821786A46204601F5A071F4
:107FB00000F017F81CBD2046BDE81C4000F09CB83E
:107FC000BDE81C4000F030B8E12E65420000C84218
:107FD00010B501700A0A42700B0C83700C0EC4704D
:107FE00010BD70B5040015468AB00E4619D0002D9C
:107FF00017D024216846F8F75BFB00230493082080
:108000002A466946CDE90063CDE90230059306931F
:1080100007936078FBF7EAFE002802D1206C401C31
:1080200020640AB070BD00002DE9F041B2EE091ADB
:10803000FAEE090A2DED028B82B0044690ED010A9A
:108040001020FFF755FE94ED020A9FED271ADFED91
:10805000270A80460C20FFF74BFE9FED268A94ED01
:10806000040A9FED231AF0EE480A07460C20FFF79A
:108070003FFE94ED050AB1EE041AF0EE480A0646FA
:108080000C20FFF735FE94ED030AB3EE081AFBEE61
:10809000080A05460C20FFF72BFE3A018DF8046014
:1080A0003B094FEA151C8DF805C04FEA18278DF8DB
:1080B00000702D018DF8018045EA10258DF8023001
:1080C0008DF8065042EA16228DF803206A468DF894
:1080D00007002046217801F58061FFF782FF02B09A
:1080E000BDEC028BBDE8F08100003442000034C2D8
:1080F0000000FA43000000001CB504460020009078
:10810000A42101908DF80010DFED1A0A94ED060A03
:1081100020EE200AB5EEC00AF1EE10FA02D29FED71
:10812000160A06E010EE100A1449884201DD9FEDA0
:10813000140A9FED141ABCEEC00A10EE101A8DF846
:108140000210080A8DF8030094ED010A01A820EE40
:10815000200A20EE010ABDEEC00A10EE101AFFF749
:1081600037FF21786A46204601F5A071FFF739FFF5
:108170001CBD0000E12E65420000000000FF7F47AB
:1081800000FF7F470000C8421CB500220028009273
:10819000019207D08DF800106A46017801F5A071B0
:1081A000FFF71FFF1CBD00001CB50021A12200919C
:1081B00001918DF80020DFED141A90ED031ADFED28
:1081C000130A81EE210A20EE200A10EE101AB1F1F6
:1081D000474F02D99FED0E0A06E010EE101A0D4A25
:1081E000914201DD9FED0C0ABDEEC00A10EE101A9F
:1081F0008DF804100A0A8DF8052001786A4601F509
:10820000A071FFF7EEFE1CBD3333F33F0000C84200
:10821000000000C700FEFF4600FEFF4601EE100A08
:1082200070EEC00A0120B8EE411A8840401E20EED0
:10823000811A00EE900AF8EE601AC1EE210A30EEC3
:10824000800A704710B5436C012280F83610002474
:1082500080F839205B1C436480F83820448710BDC7
:10826000FEE700002DE9F041514D04004FF00006FB
:108270005AD061790F2957D2207903287DD82878E0
:10828000814207D0A079002877D1022000F09CF825
:10829000002872D1A07900286FD0207900286CD0F6
:1082A000444F0128DFF8108104D002283DD0032874
:1082B00063D156E0A06802F0A6FEA8B3E06802F021
:1082C000A2FE88B3206902F09EFE68B3606902F0E6
:1082D0009AFE48B3A06902F096FE28B394ED020A14
:1082E00003F0C0F910EE100AB84246DC94ED030A20
:1082F00003F0B8F910EE100A304988423DDC94EDE5
:10830000040A03F0AFF910EE100A2D49884234DC5C
:1083100094ED050AB5EEC00AF1EE10FA2DDB10EE71
:10832000100A2849884210DD27E0A06802F06BFEA1
:1083300018B3A06902F067FEF8B194ED020A03F0E9
:1083400091F910EE100AB84217DC94ED060AB5EE6A
:10835000C00AF1EE10FA10DB10EE100A40450FDDF6
:108360000BE0A06802F04FFE38B194ED020A03F072
:1083700079F910EE100AB84202DDAE70BDE8F08166
:1083800094ED020A85ED030A94ED030A85ED020AD5
:1083900094ED040A85ED010A94ED050A85ED040AC1
:1083A00094ED060A85ED050A2079A870E6E700003D
:1083B000A018012400504349CDCCCC4100004043DB
:1083C00000000642E7FB7F4170B501280D460446D8
:1083D00001D0022C01D10F2D01D9012070BD00F078
:1083E0001BF80028FAD10A48FAF7B7FB0028F5D1A4
:1083F00008482A46214602F029FA064900208870DA
:1084000000F088F80028E9D1BDE8704000F088B895
:10841000A01A0124A01801240548006808B1002012
:108420007047044B044A05490148FAF715BB0000A0
:10843000A01A0124A01801248D8400082409002416
:108440000E4810B5FAF789FB0D480122022102F00F
:10845000FDF90B4900200B4A0B4688700A49074872
:10846000FAF7FAFA002807D100F054F8002803D1EF
:10847000BDE8104000F054B810BD0000A01A01245F
:10848000A01801248D840008240900242DE9F0415E
:1084900007000E46144626D0002C24D094F8A200E3
:1084A000002820D1002505E0795D204600F0D0FAB3
:1084B0006D1CADB2B542F7D394F8A200002812D1DA
:1084C00094F8C900B04206D194F8E00118B994F8C4
:1084D000A400002807D00020032184F8EC1184F8C0
:1084E000E00184F8A400BDE8F0810000064810B562
:1084F000FAF789FA054802F073F9BDE8104004491B
:10850000024802F023BB0000A01A0124A018012495
:108510002409002401488021FAF7E8BAA01A0124AE
:1085200010B5FFF779FF002804D1BDE810400248DC
:10853000FAF7F6BA10BD0000A01A012400B5002811
:1085400087B02AD019490A68D30725D1BFF35F8FB6
:108550000B798DF804304B798DF805308B798DF8D7
:10856000063091ED020A8DED020A91ED030A8DEDC0
:10857000030A91ED040A8DED040A91ED050A8DEDD3
:10858000050A91ED060A8DED060ABFF35F8F0968B3
:108590008A4201D1CA0702D0002007B000BD1C22C8
:1085A00000916946F8F728F80120F6E7140800243E
:1085B000A0B003F0D8F8044611A8FFF75FFB80468F
:1085C00018A8FFF7BBFF05466846FAF7FBFD06460D
:1085D00009A800F01BFD07461948FBF79BFBC8B92B
:1085E000B8F1000F01D011A800E00020FFF70AFA4F
:1085F0000EB1684600E00020FAF7DCFB0FB109A8D5
:1086000000E0002000F0B0FBFFF70EFBFAF780FD62
:1086100000F0C0FC0DB118A800E00020FFF722FE1A
:10862000FFF764FF641C204603F084F80028C3D0E1
:1086300003F099F8441C204603F07CF8BCE70000E6
:10864000CC060024FEE70000B5EEC00AF1EE10FAF9
:108650009FED0C1A09DD30EE200AB5EEC00AF1EEEE
:1086600010FA01D2B0EE410A7047B5EEC00AF1EE41
:1086700010FAF9D230EE600AB5EEC00AF1EE10FA47
:10868000F0DC70470000000010B52DED028BB0EE5D
:10869000608AB5EEC08AF1EE10FA01D29FED078A2A
:1086A000F0EE480A02F0DCFDF0EE400AB1EE480AB6
:1086B000BDEC028BBDE8104002F0AEBD0000000032
:1086C00010B530EE601A04462DED028B90ED000AD5
:1086D00060EE012A9FED512A90ED010AB5EEC00A25
:1086E000F1EE10FA02D184ED052A1AE0F0EE411AFB
:1086F00094ED053A20EE210AD4ED041A33EE000A77
:10870000F4EEC01AF1EE10FA06D3F1EE611AF4EEAF
:10871000C01AF1EE10FA02DDC4ED051A01E084ED95
:10872000050A94F8350094ED053A94ED020A40B13B
:10873000D4ED0A3AF0EE601A71EEE31A61EEC01A57
:1087400007E0D4ED093AF0EE411A71EEE31A60EE5B
:10875000211A94ED0C0AB5EEC00AF1EE10FA12DD02
:1087600010EE100AB0F17E5F0DDCB7EE004AD4EDDA
:108770000B3A34EE404A64EE233AB0EE614AF0EE32
:10878000631A40EE041A32EE830AD4ED083A84EDFF
:10879000091AC4ED0A0AF5EEC03A30EE210AC4ED1A
:1087A0000B1AF1EE10FA01D284ED082AD4ED080A72
:1087B000F4EEC10AF1EE10FA0ADDF1EE600AF4EE11
:1087C000C10AF1EE10FA03D2B0EE420A84ED050AB6
:1087D00094F83400D4ED060A90B1FFF735FFD4EDDC
:1087E000030AFFF751FFB0EE408AD4ED030A94ED7F
:1087F000070AFFF749FF30EE080ABDEC028B10BDF7
:1088000094ED071A31EE000AFFF71EFFD4ED030ABC
:10881000BDEC028BBDE81040FFF736BF0000000042
:1088200010B504462DED028BC08E00B90A20218FB1
:1088300001EE100AF8EE411A01B90A2101EE101AF0
:10884000F5EEC01AF1EE10FAB8EE411A09D9B5EEFC
:10885000C01AF1EE10FA04D9F4EE411AF1EE10FA52
:1088600006D1BDEC028B2046BDE81040FFF728BFC3
:1088700081EE212A94ED028AD4ED018A2046C8EEC9
:10888000021A28EE821A84ED011AC4ED021AFFF7CB
:1088900017FFC4ED018A84ED028ABDEC028B10BD86
:1088A00000280B4610B416D0002B14D0018A5A8829
:1088B000C1F30A0191420ED1C278082A0BD3017A82
:1088C0001C8801F00F01A14205D100F108011846F2
:1088D00010BCFAF7ADBF10BC704700002DE9F041A5
:1088E00005000C462FD0002C2DD028782179884205
:1088F00029D16878012826D1A878002823D1E878E2
:10890000082820D32946204600F0CAFC00281AD1A6
:1089100029696388CEB29E42C1F30462C1F3072085
:1089200011D1237883420ED1022A04F1B8000CD071
:10893000152A08D1A97A2889EA7A61F31F4040EA0A
:108940000260C4F8B400BDE8F081C1F3815284F83C
:10895000B020C1F30541C4F8B4102989AA89EE8971
:1089600049BA00EE101AD0EC020A52BA6989B8EE80
:10897000400AD4F8EC504BBA71EE601A9FED301AF1
:1089800071BA61EE801A81EE810A70EE200A6DB133
:1089900094ED2B0A2B4FDFED2C1A30EEC00A10EEAF
:1089A000106ABE4205DD30EE610A09E0C4ED070A37
:1089B0000CE010EE106A254FBE4201D930EE210ABC
:1089C000D4ED071A31EE800A84ED070A01EE903AE1
:1089D000C4ED2B0A02EE102A00EE901AB8EE613AAE
:1089E000F8EE421AB8EE602AF2EE042AD0ED033A0D
:1089F00090ED020AC2EE220A73EEC03A0021012273
:108A00006D1C63EE832A82EE812A32EE000A84ED29
:108A1000080A90ED052A90ED040A32EE402A22EE73
:108A2000212AC2EE011A31EE800A84ED090AC4ED52
:108A30000A0AC4F8EC50E18584F82C2083E7000092
:108A400000FF7F47560E4941560EC941560E49C197
:108A500070B500280BD090F8A220002A07D190F81A
:108A6000A4202AB190F8A410491E80F8A41070BD6B
:108A700090F8E03100F5B07263B10126012B14D0FB
:108A800000240525022B20D090F8C9309BB3802B01
:108A900031D836E090F8CA308B42E8D190F8E03116
:108AA0005C1C80F8E041D15470BD90F8CB308B4213
:108AB000F4D090F8CA2080F8EC618A4201D10121FB
:108AC00000E0002180F8E01170BD90F8E0315E1CFC
:108AD00080F8E061D154437890F8C920012B01D18E
:108AE00001F00F0103788B42EED0022180F8EC11E7
:108AF000D21E7E2A02D380F8EC5112E080F8A42026
:108B00000FE090F8E0315D1C80F8E051D15490F80E
:108B1000E01190F8C9209142D6D3BFF35F8F80F85F
:108B2000A26080F8E04170BD2DE9F047454D044654
:108B300089464FF0000A2868C04380070AD0414E9A
:108B4000283E306820F080603060FCF71FFC07464C
:108B5000B04608E00120BDE8F08700BFFCF716FC36
:108B6000C01B022867D8D8F800000001F6D420689E
:108B700029684FF4FE0721F47C313E0241EA0030BF
:108B80002860207AA389B4F804C040022D4D2D49F5
:108B90005B1E227CACF1010C1035091DA0F50070A4
:108BA00080B2521ECCF3080C07EA034340EA0C00E3
:108BB000184306EA0262104328600868626920F0E0
:108BC000C000104308600A68A06922F02002024336
:108BD0000A60281D0A6822F010020A6002684FF637
:108BE000F873E4699A4342EAC40202600868B9F182
:108BF000000F40F010020A6011D00868B9F1010FAF
:108C000011D040F400100860D8F80000444640F04D
:108C10008060C8F80000FCF7B9FB05460DE0086865
:108C200040F40020EFE740F48010ECE7FCF7AEFBE7
:108C3000401B022801D903208DE720680001F5D5EB
:108C4000504688E7284402582DE9F047454D044630
:108C500089464FF0000A2868C04380070AD0414E79
:108C6000283E306820F080503060FCF78FFB0746CC
:108C7000B04608E00120BDE8F08700BFFCF786FBA6
:108C8000C01B022867D8D8F800008000F6D42088DE
:108C900029684FF4FE0721F07C713E0241EA005042
:108CA0002860207AA389B4F804C040022D4D2D49D4
:108CB0005B1E227CACF1010C1835091DA0F500707B
:108CC00080B2521ECCF3080C07EA034340EA0C00C2
:108CD000184306EA0262104328600868626920F4BB
:108CE0004060104308600A68A06922F400720243E1
:108CF0000A60281D0A6822F480720A6002684FF632
:108D0000F873E4699A4342EAC40202600868B9F160
:108D1000000F40F480720A6011D00868B9F1010FA9
:108D200011D040F080700860D8F80000444640F050
:108D30008050C8F80000FCF729FB05460DE00868E4
:108D400040F48000EFE740F40000ECE7FCF71EFB86
:108D5000401B022801D903208DE720688000F5D54B
:108D6000504688E7284402582DE9F0416A4D040036
:108D70004FF00007A5F1B80655D0E0887F2852D8FB
:108D8000217903294FD8318888420CD0002000F087
:108D900025F9B771207A00287ED1E188012000F002
:108DA000BDF8002878D1207AE8B32079D8B301281B
:108DB00004D0022857D0032835D178E0E06802F0CB
:108DC00030F980B3206902F02CF960B3606902F0D9
:108DD00028F940B3A06902F024F920B3E06902F059
:108DE00020F900B394ED030AD5ED000AB4EEE00AD1
:108DF000F1EE10FA6FDBD5ED010AB4EEE00AF1EE08
:108E000010FA68D894ED040AD5ED020AB4EEE00A2F
:108E1000F1EE10FA5FDBD5ED030AB4EEE00AF1EEF5
:108E200010FA58D800E056E094ED050AD5ED040A92
:108E3000B4EEE00AF1EE10FA4DDBD5ED050AB4EE22
:108E4000E00AF1EE10FA46D894ED060AD5ED060ACE
:108E5000B4EEE00AF1EE10FA3DDBD5ED070A15E0BD
:108E6000D5ED090A32E0E06802F0DBF898B3E0697A
:108E700002F0D7F878B394ED030AD5ED000AB4EE0A
:108E8000E00AF1EE10FA26DBD5ED010AB4EEE00AB5
:108E9000F1EE10FA1FD800E021E094ED070AD5EDBD
:108EA000080AB4EEE00AF1EE10FAD9DA13E020690C
:108EB00002F0B7F878B194ED040AD5ED020AB4EEE9
:108EC000E00AF1EE10FA06DBD5ED030AB4EEE00A93
:108ED000F1EE10FA05D9002000F080F8B771BDE876
:108EE000F08194ED030A86ED020A94ED040A86ED02
:108EF000030A94ED050A86ED040A94ED060A86ED50
:108F0000050A94ED070A86ED060A2079B071012062
:108F1000BDE8F04100F062B8501C012410B528B142
:108F2000012803D0022801D0032804D17F2902D8C8
:108F3000074C62780AB1012010BD0B460146054876
:108F4000012200F0DBF90120A070002010BD00001C
:108F500050080024981B012470B50B4C00250120FB
:108F60000346024601466570A070084800F0C6F945
:108F7000064A01200649FAF791FE2070207803285E
:108F800000D12570207870BD50080024981B012462
:108F9000F194000870B50F4C0025607840B10E4880
:108FA000D0F8EC1071B190F82C10C90708D009E086
:108FB000A078002803D0084800F06AF9A57070BDB9
:108FC00080F8B050044800F007F9BDE8704002484E
:108FD00000F020BB50080024981B012408B1012296
:108FE00000E00022074841788A4203D00021427005
:108FF0000AB181707047044A0123917182F8B01060
:109000008370704750080024981B012400B5002885
:1090100089B02AD019490A68D30725D1BFF35F8FD9
:109020000B798DF80430CB88ADF806300B7A8DF8CB
:10903000083091ED030A8DED030A91ED040A8DEDE0
:10904000040A91ED050A8DED050A91ED060A8DEDF4
:10905000060A91ED070A8DED070ABFF35F8F0968D5
:109060008A4201D1CA0702D0002009B000BD2022E7
:1090700000916946F7F7C0FA0120F6E7540800248A
:10908000002817D090F8E4200021032A03D30122FE
:1090900080F8E1200BE090F8E720032A0AD380F85B
:1090A000E1104FF6FF7280F8E410A0F8E220817121
:1090B00080F8E01070470000F1EE040A9FED3A0AD4
:1090C000C0ED1C0A80ED1D0A80ED1E0AF2EE044A76
:1090D00080ED210AB0EE005AC0ED1F4A80ED205A03
:1090E00080ED250A80ED0F0A80ED120AF7EE006A86
:1090F000C0ED100AC0ED116ADFED2C5A9FED2C6A0D
:1091000080ED160A00F13402DFED2A2A9FED2A3A9B
:109110009FED2A1ADFED2A1A9FED2A2A00F1B801E5
:10912000FAEE0C3AC2EC025AB2EE0C4A4079B8B1EF
:1091300001280DD00228DFED244A9FED245A02D0E9
:1091400003280DD119E0F9EE062AB1EE063A18E02F
:10915000DFED1F2A9FED1F3AFBEE013AB3EE014A05
:1091600081ED072AC1ED090A81ED060A81ED080AA1
:10917000A1EC021AC1EC042A7047F9EE082AB1EEFC
:10918000083AC1ED024A81ED035AC1ED042A81ED8E
:10919000053A81ED072AC1ED090A81ED060A81ED44
:1091A000080A81EC021A704700000000CDCCCC3DCB
:1091B0000AD7233C000004C200000442560E49C1F5
:1091C000560E49410000FA43000048C200004842E0
:1091D000000030C20000304270B504002DED028B5B
:1091E0002BD094F8E0009FED298A012849D0A0797E
:1091F00004F1B805E8B301281FD0022820D00328C5
:109200001BD1D4ED080A94ED030A04F13400FFF7F2
:1092100007FB84ED040AD5ED040AB4EEE00AF1EE92
:1092200010FA06D9D5ED050AB4EEE00AF1EE10FA0F
:1092300001DBB0EE600A84ED040ABDEC028B70BD68
:10924000D4ED070A94ED020A04F17000FFF7E8FA82
:1092500084ED030AD5ED020AB4EEE00AF1EE10FA4D
:1092600006D9D5ED030AB4EEE00AF1EE10FA03DBFD
:1092700000E006E0B0EE600A84ED030A84ED048AA3
:10928000DBE784ED048A84ED038AD6E70000000062
:109290000022042100F05CB90022032100F058B93B
:1092A00010B500B390F8E020012A1CD1D9B10969AA
:1092B000C1F30462BAB9CAB2FD2A14D1C1F30F21B5
:1092C0007F2910D890F8E4207AB1B0F8E2308B42D0
:1092D00005D1FF2A02D2521C80F8E4200180FFF75A
:1092E000CFFE012010BD002010BDA0F8E210012229
:1092F000018080F8E42080F8E120F0E72DE9F041DA
:1093000004001D4616460F4626D0F021F7F7D0F987
:1093100000202580FD21618026714FF6FF71677165
:10932000A07184F82C00E085206384F8B000C4F8B4
:10933000B40084F8E00084F8E100A4F8E21084F8B6
:10934000E40084F8E55084F8E65084F8E70020460D
:10935000BDE8F041FFF7B0BEBDE8F081F0B590ED9B
:10936000021AD0ED2E4AD0ED2F2A00F1B804B4EE47
:10937000E41A2346F1EE10FA02D8B0EE641A06E0C1
:10938000B4EEE21AF1EE10FA01DBB0EE621AD3EDA0
:10939000023AD0ED031AB0EE416AF4EEE31AF1EEB0
:1093A00010FA94ED031A02D8F0EE631A06E0F4EE18
:1093B000C11AF1EE10FA01DBF0EE411A93ED043A16
:1093C00090ED042AF0EE616AB4EEC32AF1EE10FAD1
:1093D000D4ED051A02D8B0EE432A06E0B4EEE12A35
:1093E000F1EE10FA01DBB0EE612A93ED064AB0EE21
:1093F000427AB4EEC04AF1EE10FA94ED072A02DB8D
:10940000B0EE440A06E0B4EEC02AF1EE10FA01D83C
:10941000B0EE420A94ED085AF0EE407AB4EEE05A0B
:10942000F1EE10FAD4ED095A02DBF0EE450A06E03F
:10943000F4EEE05AF1EE10FA01D8F0EE650A36EEDD
:10944000646A9FED2A0A72EEE42A37EE437A26EE2A
:10945000006A31EEC33A76EEE36A31EE631AC6EE85
:10946000221A66EE806A77EEC47A32EE442A70EEF3
:10947000C50A35EEC54A67EE803AB0F800C04FF035
:10948000807760EE800A27EE000AC6EE812AFDEEA4
:10949000E11A11EE905A83EE821A80EE842AFDEED4
:1094A000E20ABDEEC11A10EE903A11EE100AC0EEBB
:1094B000033ABDEEC20A10EE104ABDEEE32A12EEE8
:1094C000106AB6B247EA06274CEA070CC2F800C099
:1094D0002E0A0E704D701A0A8A70020ACB700A7139
:1094E000220A487108208A71CC71F0BD00FF7F47C5
:1094F00070B538B331B302780B799A4222D14278F1
:10950000012A1FD18278EAB9C278082A1AD30269DF
:1095100091F8E03022F06042012B4FEA126304D14F
:109520001BB94C88D5B2A5420ED04C88D5B2C2F337
:109530000722A54206D10C78944203D1022B03D016
:10954000152B01D0002070BDFFF7C8F9012070BDB8
:109550001CB500230028009301930BD08DF8002048
:1095600009064288038841EA02216A461943082312
:1095700000F001F81CBD2DE9F041040024D0002AC0
:1095800022D0266B0025D4F8EC00B04205D0206331
:109590000127E58584F82C700CE0E08D4FF6FF760E
:1095A000B04201D2401CE085E08DB0F57A7F01D356
:1095B00084F82C50207900F009F8002804D0D4F861
:1095C000E800401CC4F8E800BDE8F08170B5150063
:1095D00006468AB019D0082B00D908234FF08040E6
:1095E00021F0604100240294CDE900101846FAF7FA
:1095F0001DFBCDE903042A466946304605940694CE
:1096000007940894FAF7F2FB10B100200AB070BD7D
:109610000120FBE730B585B04FF00005040001954F
:1096200002950AD094F8E000012808D094F8B00020
:10963000022829D02046FFF72FFE05B030BD94F850
:10964000E5100823039520460495628841EA02212B
:1096500003AAFFF790FF94F8E5007F2802D384F86F
:10966000E55002E0401C84F8E50094F8E51094F819
:10967000E600814204D194F8E700401C84F8E7003A
:109680002046FFF7FDFCD8E7A07994ED050AD4ED5C
:10969000060A9FED0D1A38B1022802D0032807D11F
:1096A00002E0B0EE410A03E0B0EE410AF0EE400AFB
:1096B00001A96A462046FFF751FE009901AA034618
:1096C0002046FFF758FFB8E700000000012002F035
:1096D00021F8FBE74FF0E02010B5006903F034FCFF
:1096E000012803D0BDE8104003F066B810BD0000AB
:1096F00030B59DB04C216846F6F7DAFF202113A85B
:10970000F6F7D6FF0220FBF763FF2149002421482A
:109710000A6822F001020A600968016841F44041C8
:109720000160016801F440411B9101688904FCD586
:1097300002200990322301210091C20301920A9074
:109740000725CDE90B030FAB0C21CDE90D0583E80F
:10975000130068461294FCF7CFFF08B172B6FEE71B
:1097600040201A9008230501CDE9163013ABCDE94E
:1097700018053F21032283E81600022113A8FCF7F5
:109780007DFD002801D072B6FEE71DB030BD00009F
:109790002C040058184802583348F0B5334A016881
:1097A00041F470010160106800F00F00072804D236
:1097B000106820F00F00C01D10602D4900202C4CB7
:1097C00010340B682B4D43F001030B6020600B68D5
:1097D0002B400B60136803F00F03072B04D91368A9
:1097E00023F00F03DB1D1360214C234A1834234B55
:1097F000261D371D20601E4C214D28343060261D4B
:109800003860371D23603B1D35601C1D3A60251DE7
:109810002E1D1860331D22602860326018600A68AF
:10982000134B184C22F4802260330A6018602068C1
:109830006FF30F00B0F1005F03D213490120C1F8AC
:1098400008010B48D4300168C9040BD4026843F204
:10985000D2010E4B42F4805202601960016821F47B
:1098600080510160F0BD000088ED00E00020005252
:10987000004402587FEDF6EA800201010002020274
:109880000000FF010010005C008000510040005209
:109890000148FDF7B6BA0000B80900242DE9F047E9
:1098A000294B4FF0804A294D02689842284E294F93
:1098B000294C09D0504507D0A84205D0B04203D06A
:1098C000B84201D0A04205D1D1F804C022F0700204
:1098D0004CEA0202DFF884C0DFF884809842DFF8A7
:1098E00084900FD050450DD0A8420BD0B04209D083
:1098F000B84207D0A04205D0604503D0404501D012
:10990000484503D1CD6822F440722A438E684D69E0
:1099100022F08002C6620E682A439842866207D00F
:10992000A04205D0604503D0404501D0484501D153
:10993000096901630368012143F004030360416185
:109940000260BDE8F0870000000001400004004014
:1099500000080040000C00400004014000400140AD
:10996000004401400048014001F0FDFE164E05464E
:1099700000F04CF8F7F790FA4FF000084FEA0804AF
:1099800006EB8407387868B12046F6F7EBFF01282C
:1099900008D17A880220214600F08EF887F80080EE
:1099A000A7F80280641C14F0FF04E9D06D1C28465F
:1099B00001F0C0FE0028DBD001F0D5FE451C284692
:1099C00001F0B8FED4E700008008002410B50E4C6A
:1099D000D4E9010150EA010202D090B179B910E056
:1099E00004210022084601F03DFF042160600022AE
:1099F000084601F037FFA060616811B108B101208D
:109A000010BD002010BD0000740800242DE9FC41A9
:109A1000284E002506F10C047068002836D02DE091
:109A20009DF8010020B100BFBDF80220014633E0DF
:109A30009DF8001029B10129F6D1217871B367880A
:109A40002EE0BDF802100195ADF804102178F9B9A7
:109A5000F6F788FF01281BD19DF8010001A9F7F74F
:109A6000F7F8A8B101212170BDF802100020618033
:109A7000BDF802209DF8011000F01EF80023706868
:109A80001A46694601F0B4FE0028C9D0BDE8FC8141
:109A9000BDF802209DF801100120EDE7BDF802702D
:109AA000F7F776F82570032065803A469DF8011097
:109AB000E2E700007408002408B503460748806800
:109AC00000280AD08DF8003000238DF80110694677
:109AD000ADF802201A4601F0F7FE08BD7408002414
:109AE00030B5416EB9B101680D4B03F108048A68C5
:109AF0008968C2F34262490F5D5C615C2D01B5FB70
:109B0000F1F1A0F86A10995CA25C0901B1FBF2F1D5
:109B1000A0F8681030BD0121A0F86A10F8E7000035
:109B2000D8D5000890F82810090706D50168836B7E
:109B30004A6822F400421A434A6090F82810C90784
:109B400006D00168C36A4A6822F400321A434A60A8
:109B500090F82810890706D50168036B4A6822F43B
:109B600080321A434A6090F82810490706D50168E8
:109B7000436B4A6822F480221A434A6090F8281006
:109B8000C90606D50168C36B8A6822F480521A435D
:109B90008A6090F82810890606D50168036C8A68E7
:109BA00022F400521A438A6090F82810490611D511
:109BB0000168436C4A6822F480121A434A60416C7F
:109BC000B1F5801F06D10168836C4A6822F4C00297
:109BD0001A434A6090F82810090606D50168C26C3D
:109BE000486820F400201043486070472DE9F8438E
:109BF00000250446C0F89050FBF7C8FB804620685B
:109C000020266FF07E470068000713D500224346E8
:109C100031042046009700F093FD58B1216851E8C7
:109C2000000F20F0800041E80002002AF6D1C4F8BD
:109C3000886021E020680068400722D50022434662
:109C40004FF480012046009700F07AFDC8B12068EB
:109C500050E8001F21F4907140E80012002AF6D16C
:109C60002068083050E8001F21F0010140E8001290
:109C7000002AF5D1C4F88C60032084F88450BDE834
:109C8000F883C4F88860C4F88C60E5662567002016
:109C900084F88450F3E710B5806BFDF79FFA10BD90
:109CA00070B5846B2168D4F88800D4F88C5089682A
:109CB000090604D5212802D1204600F063F8206867
:109CC0008068400604D5222D02D1204600F030F8ED
:109CD000D4F8900040F01000C4F890002046FDF742
:109CE0007DFA70BD10B5C169806BB1F5807F16D06B
:109CF0000021A0F856100168083151E8002F22F029
:109D0000800241E80023002BF5D1026852E8001FD1
:109D100041F0400142E80013002BF6D110BDFDF7E1
:109D200087FD10BD10B5806BFDF783FD10BD0000F1
:109D300010B5026852E8001F21F4907142E8001348
:109D4000002BF6D10E4B0268083252E8001F194072
:109D500042E80014002CF6D1C16E012908D1026836
:109D600052E8001F21F0100142E80013002BF6D149
:109D700000212022C0F88C20C166416710BD000080
:109D8000FEFFFFEF026852E8001F21F0C00142E829
:109D90000013002BF6D10168083151E8002F22F49E
:109DA000000241E80023002BF5D12021C0F88810E3
:109DB0007047000010B5D0F88C10B0F86020222950
:109DC000016804D0886940F00800886110BD496AC4
:109DD000836D11401980816D891C8165B0F85E101A
:109DE000491EA0F85E10B0F85E100029EED101689F
:109DF00051E8002F22F4907241E80023002BF6D1A5
:109E00000168083151E8002F22F0010241E80023E7
:109E1000002BF5D1184B002102682024C0F88C409B
:109E2000416701679A420BD05268120208D5036855
:109E300053E8002F22F0806243E80024002CF6D182
:109E4000C26E012A02D0FDF74DFC10BDC16602684A
:109E500052E8001F21F0100142E80013002BF6D158
:109E60000168CA69D243D20601D410220A62B0F84E
:109E70005C10FDF7E3F810BD000C00582DE9F04729
:109E800004460068C569D0F800A0D0F80890D4F85E
:109E90008C10B4F86060222905D0816941F0080176
:109EA0008161BDE8F087B4F868704FF0000844E0C5
:109EB0002068A16D406A30400880A06D801CA065BC
:109EC000B4F85E00401EA4F85E002068C56969070A
:109ED00030D0E9070AD05FEACA5107D501210162F3
:109EE000D4F8900040F00100C4F89000A8070BD50A
:109EF0005FEAC97008D0216802200862D4F8900097
:109F000040F00400C4F8900068070BD55FEAC97000
:109F100008D0216804200862D4F8900040F00200C4
:109F2000C4F89000D4F8900020B12046FDF756F90F
:109F3000C4F89080B4F85E0000B30FB1A806B7D49F
:109F4000B4F85E000028ACD0B4F868108142A8D9FB
:109F50002068083050E8001F21F0805140E80012CE
:109F6000002AF5D12A486067216851E8000F40F0C7
:109F7000200041E80002002AF6D192E7216851E86A
:109F8000000F20F4807041E80002002AF6D1214A37
:109F90002068083050E8001F114040E80013002BF3
:109FA000F6D11D4A202321684046C4F88C30C4F8FD
:109FB0007480C4F8708091420BD04968090208D5BA
:109FC000226852E8001F21F0806142E80013002B54
:109FD000F6D1E16E012903D02046FDF783FBAFE700
:109FE000E066216851E8000F20F0100041E800020F
:109FF000002AF6D12068C169C943C90601D41021DD
:10A000000162B4F85C102046FDF718F898E70000EC
:10A01000B59D0008FEFFFFEF000C005810B5D0F80A
:10A020008C10B0F860202229016804D0886940F0C3
:10A030000800886110BD496A836D11401970816DF7
:10A04000491C8165B0F85E10491EA0F85E10B0F89A
:10A050005E100029EED1026852E8001F21F49071D1
:10A0600042E80013002BF6D10168083151E8002FB7
:10A0700022F0010241E80023002BF5D1184B00210A
:10A0800002682024C0F88C40416701679A420BD0D7
:10A090005268120208D5026852E8003F23F080633C
:10A0A00042E80034002CF6D1C26E012A02D0FDF73E
:10A0B00019FB10BDC166026852E8001F21F01001B3
:10A0C00042E80013002BF6D10168CA69D243D206D8
:10A0D00001D410220A62B0F85C10FCF7AFFF10BD8B
:10A0E000000C00582DE9F04704460068C569D0F817
:10A0F00000A0D0F80890D4F88C10B4F86060222941
:10A1000005D0816941F008018161BDE8F087B4F8AC
:10A1100068704FF0000844E02068A16D406A30404C
:10A120000870A06D401CA065B4F85E00401EA4F845
:10A130005E002068C569690730D0E9070AD05FEA88
:10A14000CA5107D501210162D4F8900040F0010006
:10A15000C4F89000A8070BD55FEAC97008D0216841
:10A1600002200862D4F8900040F00400C4F8900087
:10A1700068070BD55FEAC97008D02168042008621F
:10A18000D4F8900040F00200C4F89000D4F8900099
:10A1900020B12046FDF722F8C4F89080B4F85E00A4
:10A1A00000B30FB1A806B7D4B4F85E000028ACD055
:10A1B000B4F868108142A8D92068083050E8001F20
:10A1C00021F0805140E80012002AF5D12A4860674A
:10A1D000206850E8001F41F0200140E80012002AEA
:10A1E000F6D192E7216851E8000F20F4807041E831
:10A1F0000002002AF6D1214A2068083050E8001FEA
:10A20000114040E80013002BF6D11D4A202321689D
:10A210004046C4F88C30C4F87480C4F87080914211
:10A220000BD04968090208D5226852E8001F21F0C6
:10A23000806142E80013002BF6D1E16E012903D0C2
:10A240002046FDF74FFAAFE7E066206850E8001FB0
:10A2500021F0100140E80012002AF6D12068C169FF
:10A26000C943C90601D410210162B4F85C1020462C
:10A27000FCF7E4FE98E700001DA00008FEFFFFEFDA
:10A28000000C00582DE9F04304468068D84E87B092
:10A29000D84B2168D4E90427D4F81CC010430A68BD
:10A2A000002547EA0C073843324002430A60206821
:10A2B000E268416821F44051114341602268A1697C
:10A2C0009A4201D0206A01439768DFF82CC3CB4E35
:10A2D000CB4807EA0C070F4397602168676ACA6A90
:10A2E00022F00F023A43CA622268B2420ED10068DD
:10A2F00000F03800182873D047DCB8B3082879D0AC
:10A3000010286FD178E028287ED17BE0BD498A42B1
:10A3100009D1006800F00700062875D2DFE800F0D8
:10A32000546A6C6E7072B8498A4209D1006800F0B4
:10A330000700062868D2DFE800F0475D5F616365CB
:10A34000B2498A4209D1006800F0070006285BD2B2
:10A35000DFE800F03A5052545658AD498A420BD1CA
:10A36000006800F0070006284ED200E010E0DFE8A9
:10A3700000F02B4143454749A6498A420AD100686B
:10A3800000F03800182839D0B7DD2028BBD13CE0D8
:10A3900001203AE0A0498A4209D1006800F0070094
:10A3A000062831D2DFE800F01026282A2C2E9B49FF
:10A3B0008A420BD1006800F00700062824D2DFE8AB
:10A3C00000F003191B1D1F2100201EE09A421BD123
:10A3D0008B48001D006800F00700062814D202E038
:10A3E0000CE007E010E0DFE800F0030507090B0DC3
:10A3F00002200AE0042008E0082006E0102004E023
:10A40000202002E0402000E080208549DFF814820F
:10A410009A42854A4FF400434FEA21174FF0000655
:10A420004ED110281AD006DC022809D004280BD0FF
:10A4300008287CD10DE020283ED0402877D13DE08F
:10A44000FBF7F0F8014610E06846FBF7FDF80199CC
:10A450000BE003A8FBF79AF9049906E01068800660
:10A4600005D51068C0F3C100C140002970D0606AF2
:10A47000676838F8102007EB4703B1FBF2F083421E
:10A4800055D8B0EB073F52D8002308461946F5F7D8
:10A49000F7FF02467808130E120243EA0121101852
:10A4A0003A4671410023F5F7EBFF604AA0F5407191
:10A4B00091423CD821688FE03946D8E71946D6E763
:10A4C000D4F81CC04FF6EF799C4546D1082819D026
:10A4D00005DC58B101280CD0042875D10DE01028F6
:10A4E00015D0202835D040286ED134E0FCF744F850
:10A4F00001E0FCF753F8014610E06846FBF7A4F8CA
:10A5000001990BE003A8FBF741F9049906E01068F4
:10A51000800604D51068C0F3C100C140C1B1636AB0
:10A52000606838F81330B1FBF3F1490000E04BE00C
:10A5300001EB5001B1FBF0F0A0F11001494543D807
:10A540004FF6F0732168C0F342021840104343E015
:10A5500043E03946E3E71946E1E7082819D005DC6E
:10A5600058B101280CD004282ED10DE0102815D0A8
:10A5700020282BD0402827D12AE0FBF7FDFF01E05F
:10A58000FCF70CF8014610E06846FBF75DF801990E
:10A590000BE003A8FBF7FAF8049906E010688006C0
:10A5A00004D51068C0F3C100C140B1B1636A6068EE
:10A5B00038F81330B1FBF3F101EB5001B1FBF0F0CF
:10A5C000A0F11001494505D9012506E03946EDE71E
:10A5D0001946EBE7216880B2C8600120A4F86A0040
:10A5E000A4F8680028466667A66707B0BDE8F08350
:10A5F000F369FFCF000C0058FFF4FF110010014079
:10A60000544402580044004000480040004C0040C0
:10A61000005000400014014000780040007C0040E1
:10A620000090D003C0D5000800440258FFFC0F0082
:10A6300070B58368002481654FF48056A0F85C20D3
:10A64000B342A0F85E204FF0FF01446704D10369D4
:10A6500003BB40F2FF111DE04FF07F05C3B1B3F122
:10A66000805F1AD0A0F860402221C0F89040C0F866
:10A670008C100168083151E8003F43F0010341E8C4
:10A680000034002CF5D1416EB1F1005F0CD02FE009
:10A69000036933B9A0F86010E6E7016909B13F2109
:10A6A000F8E7A0F86050DFE7B0F8681091421FD8D3
:10A6B0008168B14201D10169B9B11D49026941679F
:10A6C00042B1026852E8001F41F4807142E8001371
:10A6D000002BF6D10168083151E8002F42F080527A
:10A6E00041E80023002BF5D120E012494167F1E752
:10A6F0008168B14201D1016969B10F4902694167BD
:10A700005AB1016851E8002F42F4907241E80023E9
:10A71000002BF6D10AE009494167026852E8001FA0
:10A7200041F0200142E80013002BF6D1002070BD5B
:10A73000E5A000087D9E00081DA00008B59D00084A
:10A740002DE9F047994617460D460446089E4FF0FE
:10A75000000833E0701C31D0FAF718FEA0EB0900B6
:10A76000B04218D8BEB120680168490726D5802DAF
:10A7700024D0402D22D0C169C94309070DD4082532
:10A7800005622046FFF7D4FAC4F89050012084F8FF
:10A790008480BDE8F0870320FBE7C069C043000563
:10A7A0000CD421684FF4006008622046FFF7C0FA1D
:10A7B0002021C4F8901084F88480ECE72068C069F8
:10A7C00035EA000004D00020B842C3D00020E0E702
:10A7D0000120F9E70148FCF74DBD000024090024E1
:10A7E00010B5040028D094F8A20048B1BFF35F8FE1
:10A7F000204600F0F1F9BFF35F8F002084F8A2003B
:10A80000204600F07AFAA178012915D0022904F136
:10A81000640012D003290FD1D4ED080A94ED030A85
:10A82000FDF7FEFF84ED020AD4ED070A04F12800CB
:10A83000FDF7F6FF84ED010A10BDD4ED080A94ED92
:10A84000030AFDF7EDFF84ED020A10BD70B50400A8
:10A8500016460D4659D04FF40071F5F729FF9FEDCC
:10A860002B0A2670012D4FF0EE00657002D0022DEC
:10A8700043D121E0112384F8C830102284F8C92084
:10A88000FD2184F8CA10DFED220A84F8CB009FED89
:10A89000232AC4ED2B0A84ED2F0AF3EE0E2A84ED51
:10A8A000302A9FED1C1ADFED1C1AC4ED312AB0349A
:10A8B000C4EC030AB03C20E0222384F8C8304E22C6
:10A8C00084F8C920FE2184F8CA10DFED192A84F823
:10A8D000CB009FED183A84ED2F0AC4ED302ADFED4E
:10A8E000100A9FED101ADFED101A9FED102A84ED6B
:10A8F000313AAC34C4EC040AAC3C002084F8E001EA
:10A900002046BDE8704000F017B870BD00008043DD
:10A910000000A04483F9A24583F922429A99BD41DF
:10A92000000000450000804471F92245000000430A
:10A9300000000642000040432DE9F04704002DEDE1
:10A94000068B9FED818A4FF00005B0EE48AAB0EE6D
:10A95000489AF0EE489AF0EE488A7CD0A178AA4650
:10A960002678012905D0012002291CD0032921D1F4
:10A970002CE094F8A300012548B194ED080A84F86E
:10A98000A3A084ED028A84ED018A84ED030A94ED8C
:10A9900004AA94ED059AD4ED039AD4ED028A00BF7F
:10A9A00094ED018A06E084F8A300012594ED059A50
:10A9B000D4ED028A94ED300AF1EE400AF4EEC80AB2
:10A9C000F1EE10FA06DBB0EE608A0AE0012584F8A9
:10A9D000A300E5E7B4EEC80AF1EE10FA01D8B0EE34
:10A9E000408A94ED310AF1EE400AF4EEE80AF1EE05
:10A9F00010FA02DBF0EE608A06E0B4EEE80AF1EE4F
:10AA000010FA01D8F0EE408A617804F1E0004FF0CE
:10AA1000FE084FF0EE0901294BD0022944D1222132
:10AA20000746F5F723FEBE7087F8008087F801908F
:10AA3000F5B30A223A71FF21797187F806A094EDE7
:10AA40002B0A20EE0A0ABDEEC00A10EE100AB882E8
:10AA500094ED2C0A00E027E020EE090A0721BDEE64
:10AA6000C00A10EE100AF88294ED2D0A20EE290A91
:10AA7000BDEEC00A10EE100A386194ED2E0A20EEE9
:10AA8000280ABDEEC00A10EE100AF88194ED2F0AD4
:10AA900020EE080ABDEEC00A10EE100AB881384652
:10AAA00000F0A6FDC7F81E00BDEC068BBDE8F087E0
:10AAB00047E011210746F5F7D9FD87F800800F22FE
:10AAC00087F801900020B97866F3030165F3061159
:10AAD000B97094ED2B0A20EE0A0ABDEEC00A10EE02
:10AAE000101AA7F80B1094ED2C0A20EE090ABDEEFF
:10AAF000C00A10EE101AA7F80D1094ED2D0A20EEE2
:10AB0000290ABDEEC00A10EE101AC7F8071094ED1E
:10AB10002E0A20EE280ABDEEC00A10EE101AA7F881
:10AB2000051094ED2F0A20EE080ABDEEC00A10EEC3
:10AB3000101AA7F80310394600F078FDA7F80F00A7
:10AB4000B2E7002276E700000000000070B50400C4
:10AB50000D4636D0002D34D094F8A100022830D014
:10AB60002046FFF7E9FEE86F04F1E00150B394F8E6
:10AB7000C80021F01F0208441F3020F01F00801A77
:10AB800000280BDDBFF34F8F124B1A6020382032A4
:10AB90000028FADCBFF34F8FBFF36F8F94F8C82003
:10ABA0002846FCF7FDFD00280BD1D4F8E40194F809
:10ABB000A110401CC4F8E401012902D1022084F84C
:10ABC000A10070BD94F8C8200A232846FCF78CFD2C
:10ABD000E9E7000068EF00E02DE9F04104000DD046
:10ABE0006078002606274FF00108012804F5B075AB
:10ABF00006D002283DD0072084F8EC01BDE8F081A2
:10AC00000E222946002000F011FDE989814238D149
:10AC100084F8A080A4F8A660D4F8E801401CC4F829
:10AC2000E80184F8EC61E87A84F82400287B00F0DD
:10AC3000070084F82500A889C0F3CB00E084B5F9AB
:10AC40000500D4ED2E0A00EE100AB8EEC00A80EE20
:10AC5000201A84ED071A35F9030FD4ED2F0A00EE00
:10AC6000100AB8EEC00A80EE201A84ED061A686851
:10AC700038E01221284600F0BBFCD5F84A1081428A
:10AC800002D084F8EC71B9E784F8A080A4F8A6603B
:10AC9000D4F8E801401CC4F8E80184F8EC61A87914
:10ACA00084F82400E87984F82500B5F84500E084AC
:10ACB000B5F90E00D4ED2E0A00EE100AB8EEC00A67
:10ACC00080EE201A84ED071AB5F90C00D4ED2F0A96
:10ACD00000EE100AB8EEC00A80EE201A84ED061AC3
:10ACE000D5F81E00D4ED2D0A00EE100AB8EEC00A09
:10ACF00080EE201A84ED081A80E770B5002813D082
:10AD0000D0F8E811002204234FF6FF744FF47A754F
:10AD100059B1D0F8A860B14216D0C0F8A8100123EC
:10AD2000A0F8A62080F8A03070BDB0F8A61080F87A
:10AD3000A020A14202D2491CA0F8A61089B2A942C3
:10AD4000F2D390F8EC110DE0B0F8A610A14202D2B7
:10AD5000491CA0F8A61089B2A942E5D390F8EC11DD
:10AD600080F8A0200029DFD180F8EC3170BDFEE72B
:10AD7000F7EE000A70B530EEC01AB0EE002A2DEDE5
:10AD8000028B60EE001A61EE020A40681C4620EE5B
:10AD9000022A21EE011A20EE800AD0ED022AD0ED1F
:10ADA000003A90ED043A60EE222A069D41EE232AF5
:10ADB00041EE832AC1ED002AD0ED033A90ED013A2D
:10ADC000D0ED052A20EE230A01EE030A01EEA20AC5
:10ADD00082ED000AD0ED001A90ED021AD0ED043A8F
:10ADE00090ED013A71EE611A90ED030A33EEC11A4B
:10ADF000D0ED052A30EE433A61EEA08A32EEC00A69
:10AE000023EE208A42EE018A02EE008A28EEA80A8A
:10AE100008EE080A00F012FB10EE100A0A498842F8
:10AE200008DDC8EE800A88EE001AC4ED000A85ED40
:10AE3000001A05E09FED050A84ED000A85ED000A81
:10AE40000120BDEC028B70BDBD37863500000000CF
:10AE5000F7EE000AF0EE081A70EEC00A70B5B1EE17
:10AE6000082A60EEA02A20EE001A20EEA13A60EE39
:10AE7000823A22EEA12A2DED028B62EEA02A4068D2
:10AE80001C4623EE013A61EE000A21EE211A62EE21
:10AE9000001A90ED024A63EE803AD0ED004A21EEAE
:10AEA000840A90ED045AD0ED065A069D02EEA40ADB
:10AEB00003EE050A00EEA50A81ED000A90ED030AF3
:10AEC00090ED015AD0ED054A21EE800A90ED074A37
:10AED00002EE850A03EE240A00EE840A82ED000ADF
:10AEE00090ED003AD0ED021AD0ED014A90ED040A3F
:10AEF00031EEC33AD0ED032A70EE611AD0ED050AA7
:10AF000072EEE44A63EE028A90ED065A70EEE22A8F
:10AF100024EE828A43EEA18A35EE400A90ED074A7C
:10AF200003EEA28A74EE600A41EE008A01EE208AE6
:10AF300028EEA80A08EE080A00F080FA10EE100ABF
:10AF40000A49884208DDC8EE800A88EE001AC4ED7E
:10AF5000000A85ED001A05E09FED050A84ED000A60
:10AF600085ED000A0120BDEC028B70BDBD37863532
:10AF70000000000010B54068029C90ED021AD0ED70
:10AF8000000A31EE601A40EE010AC1ED000A90EDB0
:10AF9000031AD0ED010A31EE601A40EE010AC2ED4B
:10AFA000000A90ED040A83ED000A90ED050A0120E5
:10AFB00084ED000A10BD4100080218BF04200A0EEB
:10AFC00018BF40F001004FF07F4232EA010108BF94
:10AFD00040F00200012808BF052070476FEAD050FA
:10AFE00010F0FF0000D0012070476FEAD05010F041
:10AFF000FF0000D0012070476FEAD05010F0FF0032
:10B0000000D0012070476FEAD05010F0FF0000D050
:10B01000012070476FEAD05010F0FF0000D00120EF
:10B0200070476FEAD05010F0FF0000D00120704749
:10B03000090700284FEA116104DB00F1E02080F8E5
:10B040000014704700F00F0000F1E02080F8141D9C
:10B050007047000010EE100AC0F3C7517F3917295E
:10B06000A8BF7047DFED150A9FED151A002970EE95
:10B07000200A0CDAB4EEE01AF1EE10FA1AD2002827
:10B08000C8BF4FF07E50B8BF4FF0004012E00D4AED
:10B0900022FA01F2104208BF7047F4EEC10AF1EE45
:10B0A00010FA07DD002804DD4FF4000323FA01F154
:10B0B0000844904300EE100A70470000CAF249713C
:10B0C00000000000FFFF7F0010EE101A08B5434A91
:10B0D0006846B2EB410F26D94FF0E640B0EB410F86
:10B0E00094BF00204FF0FF3000900098DFED3C0A45
:10B0F000002860DB10F0010F46D060EE000ADFEDA3
:10B10000391A9FED391A10F0020F00EEE11ADFED47
:10B11000371A40EE811A21EEA01AF0EE400A40EEF6
:10B12000010A2ED041E0324B21F0004293423FD938
:10B1300011F0004FDFED2F0A20EE201ADFED2E0A6E
:10B1400019BF31EE601A71EE200A31EE201A71EE4D
:10B15000600ABDEEE01A11EE100A9FED281A00F009
:10B16000030000EEC10A9FED261A009000EEC10A0E
:10B170009FED241A00EEC10A9FED231A00EEC10ACA
:10B18000B3E7F1EE600A10E020EE000A9FED1F1A0F
:10B19000DFED1F1A10F0020F40EE011A9FED1D1A8D
:10B1A00000EE211A40EE010AEBD1B0EE600A08BDB4
:10B1B00000F074F999E710EE100A4000B0F17F4FEB
:10B1C000F3D307D14FF00100F5F7D6FABDE80840F8
:10B1D00000F054B9BDE8084000F04DB9B61F927EAA
:10B1E0000000803F336D4C39DA82083CA0AA2ABEA9
:10B1F000490E494683F9223F0000004B0000C93F39
:10B2000000A0FD390020A2331A61342CB93AB2BA39
:10B21000CA9F2A3DDDFFFFBE10B52DED028BB0EEBB
:10B22000608AF0EE408A18EE101A18EE900A02F0CA
:10B23000DDF800F07040B0F1005F0CD018EE100A9D
:10B2400020F00040C0F1FF40C00F02BFB0EE480A3E
:10B25000BDEC028B10BDB0EE680ABDEC028B10BDD8
:10B2600010B52DED028BB0EE608AF0EE408A18EE3C
:10B27000101A18EE900A02F0B9F800F07040B0F120
:10B28000004F0CD018EE100A20F00040C0F1FF4033
:10B29000C00F02BFB0EE480ABDEC028B10BDB0EE8D
:10B2A000680ABDEC028B10BD00B510EE101A2DED32
:10B2B000028B81B0524A6846B2EB410F2ED94FF053
:10B2C000E640B0EB410F94BF00204FF0FF300090FC
:10B2D0000098B0EE408A00286ADB10F0010F4BD0D6
:10B2E00068EE080A9FED471A9FED470A00EE810AB3
:10B2F0009FED461A00EE801A9FED450A10F0020FEE
:10B3000000EE810A02BF01B0BDEC028B00BD00BFA0
:10B3100001B0B1EE400ABDEC028B00BD3D4B21F007
:10B320000042934241D911F0004FDFED3B0A20EE7D
:10B33000201ADFED3A0A19BF31EE601A71EE200AC9
:10B3400031EE201A71EE600ABDEEE01A11EE100A1D
:10B350009FED331A00F0030000EEC10A9FED311A91
:10B36000009000EEC10A9FED301A00EEC10A9FED79
:10B370002F1A00EEC10AABE728EE080A9FED2C1A3F
:10B38000DFED2C0A10F0020F40EE410A9FED2A1A61
:10B3900000EE201A61EE000AB0EE480A08EE200A1C
:10B3A000B6D101B0BDEC028B00BD00F077F88FE79D
:10B3B00018EE100A4000B0F17F4F0DD218EE100ABF
:10B3C000FFF7F9FD042808BF00F060F8B0EE480A66
:10B3D00001B0BDEC028B00BD09D10120F5F7CCF91D
:10B3E00001B0BDEC028B5DF804EB00F047B801B092
:10B3F000B0EE480ABDEC028B5DF804EB00F03BB800
:10B40000B61F927EB93AB2BACA9F2A3DDDFFFFBE8F
:10B410000000803F490E494683F9223F0000004B5F
:10B420000000C93F00A0FD390020A2331A61342C6E
:10B43000336D4C39DA82083CA0AA2ABE10B52DED36
:10B44000028BB1EEC08A18EE100A20F00040C0F165
:10B45000FF40C00F0AD010EE100A20F00040C0F1EB
:10B46000FF40C00F04BF0120F5F786F9B0EE480A8F
:10B47000BDEC028B10BD30EE000A7047DFED020A12
:10B4800080EEA00A70470000000000009FED020A55
:10B4900020EE000A70470000000000102DE9F001C6
:10B4A0004FF07F42B2EB410F9FBF4FF0FF31016081
:10B4B000BDE8F00170474FF0004242EA0123C1F3BA
:10B4C000C752783A551112F01F0C434CCCF12006AC
:10B4D0007C44C1F3C752A2F178024FEA621204EB36
:10B4E000820254F8254008BFD2E9015612D05568AF
:10B4F00004FA0CF425FA06F73C43976805FA0CF5B4
:10B5000027FA06F8D26807FA0CFCF24045EA08056B
:10B510004CEA0206A4FB034CA5FB0352A6FB036303
:10B520001D449D4234BF012600261319334416B131
:10B53000934202D903E0934201D2012200E00022AB
:10B54000624402F1200C9206DC0C42EA443200EE26
:10B55000102A5B03DFED210AF8EEC01A00EE103A64
:10B560004FEA9C1C11F0004FB8EE400AC0F800C032
:10B5700020EE201A00EE105ADFED190AB8EE400A4C
:10B5800020EE200A71EE810A70EE800A10EE902AF9
:10B5900002F500626FF30B0200EE902A70EEE11AE2
:10B5A00031EEC11ADFED101A30EE411A9FED0D0A8F
:10B5B00020EE800A01EE210A9FED0C1A00EE810AAE
:10B5C00004BFBDE8F0017047CCF180510160BDE8D7
:10B5D000F001B1EE400A70473C2800000000003640
:10B5E0000000802C22AAFD29DB0FC92F0000C92FE3
:10B5F000F0B50D4D8646EF07F817002311E000BFA8
:10B600005EF8236000243A4600284FEA400000DA42
:10B610006840164200D068405208641C202CF3D3C6
:10B620005B1C8B42ECD3F0BDB71DC10410B51446B2
:10B630000B4603E013F8011B00F004F8641EF9D276
:10B6400010BD0000034A4140C9B232F8111081EA2E
:10B650001020704718D70008B0EEC00A7047B0EE4F
:10B66000C00A7047B0EEC00A704700001FB5002442
:10B670000094019402940394F9F738FF01208DF8A7
:10B680000C001F218DF8081087228DF809208DF8F5
:10B690000D008DF8000068468DF80A408DF80E40C8
:10B6A0008DF8014001948DF80B408DF80F40F9F7AB
:10B6B000EFFE0420F9F728FFF9F776FEFEF718F8F9
:10B6C000FCF73EF9FCF7CAF8FCF758F9F8F714FB59
:10B6D000FCF78EFA08B172B6FEE7F7F7EFFC08B197
:10B6E00072B6FEE7FDF738FC08B172B6FEE7FCF76C
:10B6F000A7FE074801220021F8F72AFB08B172B61D
:10B70000FEE700F03DF8FCF7DFF800F051F8FEE747
:10B71000CC06002470B50546FCF78DF810B16FF02B
:10B72000050405E04FF0000415B1284600F0D4FEF2
:10B73000204670BD38B50546FCF77DF810B16FF0B6
:10B7400005040EE0002401F00DFC291A00900029E8
:10B7500005DD684601F0AEFB18B9641E01E06FF02C
:10B760000304204638BD10B5FCF765F818B1BDE8F4
:10B77000104001F0FDBBBDE8104001F0F3BB00003C
:10B7800010B5FCF758F810B16FF0050010BD01F0CE
:10B79000DBFB012802D10549086810B14FF0FF30EA
:10B7A00010BD01220A60002010BD000078000024B6
:10B7B00010B5FCF740F810B16FF0050010BD01F0B6
:10B7C000C3FB012803D108480168012902D04FF0CA
:10B7D000FF3010BD054A002182F8141D02210160CE
:10B7E00000F0EEFE002010BD780000240BE000E029
:10B7F0002DE9F84300241E460F460546FCF71BF8CA
:10B8000000286FF003006FF0020816D015B30FB3D5
:10B8100006BB00206A4639460090284601F04AFAE5
:10B82000012819D10098C0B10D494FF0805008602F
:10B83000BFF34F8FBFF36F8F0FE05DB157B132464B
:10B840003946284601F098F9012806D026B16FF054
:10B85000010402E0044600E044462046BDE8F883C7
:10B8600004ED00E0F8B5002514460F460646FBF748
:10B87000E2FF30BB2EB327B3BCB1D4E902307BB1B9
:10B8800050281ED32269E2B106FB07F061698142AC
:10B8900017D3002039460090304600F0CDFF09E074
:10B8A00078B9206968B9606958B9002239463046CC
:10B8B00000F098FF050004D01CB1216809B100F028
:10B8C000C1FD2846F8BD00002DE9F84300241E46BE
:10B8D0000F460546FBF7AFFF00286FF003006FF03F
:10B8E000020817D025B31FB316BB00206A460346D3
:10B8F00039460090284601F0D1F801281AD1009865
:10B90000C8B10E494FF080500860BFF34F8FBFF3AE
:10B910006F8F10E065B15FB100233246394628468B
:10B9200001F00CF8012806D026B16FF0010402E006
:10B93000044600E044462046BDE8F88304ED00E0FC
:10B940002DE9FF41002514460F4606460395FBF7F7
:10B9500072FF60BB5EB34FF080024FF018004FF0F3
:10B9600000014CB3236803B11946A3691BB1184603
:10B970005B1E382B02D22379DB0703D0002004B0F2
:10B98000BDE8F081636903B19A08D4F808C0BCF13E
:10B99000000F0DD0E5685C2D19D324693CB133B19B
:10B9A0008DE811103B46304601F04AFA03900EE054
:10B9B000E36863B9236953B903AB92B2CDE90003DD
:10B9C0003B46304601F00CFA012800D0039503985D
:10B9D000D5E700002DE9F0411A4C0F460546E66810
:10B9E0002068001D00F034FC681C15D1A7B1164971
:10B9F00022684868906023688268DA6022688368F9
:10BA0000121D5A602268121D826020684161086818
:10BA1000401C0860BDE8F08120683544B5424560AF
:10BA2000216805D2E06B091DBDE8F04100F050BC73
:10BA3000A06B091D00F04CFCA06A8542EAD2A56209
:10BA4000E8E7000024000024F40E00242DE9F04172
:10BA5000054600F055FC354C354FA068401CA060F1
:10BA6000206810B1606930B32BE02560A068012820
:10BA700027D1002606EB860007EB800000F01AFCB9
:10BA8000761C382EF6D32B4800F014FC29481430CD
:10BA900000F010FC2748283000F00CFC25483C3012
:10BAA00000F008FC2348503000F004FC2148A0635B
:10BAB0001430E06305E0E86A2168C96A814200D871
:10BAC0002560606A401C60626864E86A2169884297
:10BAD00000D9206100EB8000291D07EB8000406841
:10BAE000A8608268EA60826851608160E86A00EB61
:10BAF000800007EB8001696157F82010491C47F866
:10BB0000201000F01DFC606900280CD02068E96A54
:10BB1000C06A884207D208494FF080500860BFF3DE
:10BB20004F8FBFF36F8FBDE8F08100002400002429
:10BB3000440A0024A40E002404ED00E038B500F00F
:10BB4000DFFB104C2068C8B90F4800F0B3FB0E486B
:10BB5000143000F0AFFB0C490020E160143121618A
:10BB6000A1F582730090A1F1B40210210A2000F027
:10BB700063FE206010B105A100F064FCBDE8384010
:10BB800000F0DEBB64000024F80F0024546D7251F5
:10BB90000000000030B4026C0B46002A0BD0D0E944
:10BBA00002411144C160A14201D30168C16018463D
:10BBB00030BCF4F7DCBC30BC70472DE9F041856B3C
:10BBC0001746026C0446002682B1C7B1E068F4F75C
:10BBD000CEFCE168206C2268091AE160914202D231
:10BBE000A168081AE060022F16D017E02068A8B9F3
:10BBF000A06801F05DFA06460020A0600EE06068D3
:10BC0000F4F7B5FCD4E90101226C1044606088426D
:10BC100004D32068606001E005B16D1E6D1CA56352
:10BC20003046BDE8F08110B5044690F8590058B18F
:10BC300001280CD002280FD0502080F31188BFF3C8
:10BC40004F8FBFF36F8FFEE7206B00F08DFB204618
:10BC5000BDE8104000F088BB10BD00000F484FF455
:10BC6000803110B5420706D00C49C01D20F00700F6
:10BC7000411AC1F580310A4C002201440839A4F16F
:10BC8000140321F00701C4E900020C1A19604A608C
:10BC90000A60C0E900149C605C6010BDD8160024E6
:10BCA00090000024144E4FF08058144CDFF8509050
:10BCB000A6F29C4712E000BF00F022FBF068C568C6
:10BCC000281D00F0C5FAA068401EA0606068401EF4
:10BCD000606000F035FB2846FFF7A5FF606800288C
:10BCE000EAD138680128F9D9C9F80080BFF34F8F2D
:10BCF000BFF36F8FF2E70000E00E00242400002461
:10BD000004ED00E070B51D46049C51B1C4F800205C
:10BD1000C4E90F010121204600F0B2FD84F84C5027
:10BD200070BD2460F4E72DE9F0470D469946910077
:10BD30001746DDE90984089EA5228246206BF4F7A8
:10BD40008DFC206B6FF0030101EB8701084420F0AC
:10BD50000707780707D0502080F31188BFF34F8F73
:10BD6000BFF36F8FFEE765B100202218295C82F8CF
:10BD70003410295C11B1401C1028F6D3002084F83F
:10BD80004300382E07D3502080F31188BFF34F8F24
:10BD9000BFF36F8FFEE7E662201DE66400F095FAC0
:10BDA00004F1180000F091FA2461C6F138006462D1
:10BDB0004A465146A061384600F032FAB8F1000F09
:10BDC000206001D0C8F80040BDE8F08730B51149C7
:10BDD00000E011460A688242FBD34B685C1884423B
:10BDE00003D14468084623444B6043681D189542BC
:10BDF00009D1084C143C2468A24209D052681A4464
:10BE000042600A6812680260814200D0086030BD5A
:10BE10000460F9E79000002470B50D4D9142416037
:10BE20004FF00004006106D88169D21A8A4206D216
:10BE3000011D286907E09A4203D2994201D30124E7
:10BE400003E0011DE86800F043FA204670BD0000E1
:10BE50006400002410B5044600F052FAA06B28B12B
:10BE60005FF0000400F06CFA204610BD0124F9E7F1
:10BE700070B506460D480D46C068C068C468201DF0
:10BE800000F0E6F994F82800410705D52A46314626
:10BE9000204600F0BBF803E000F0FE0084F8280024
:10BEA000216A2046BDE87040084700006400002475
:10BEB00070B53A4E86B067E00098002806DA019A1D
:10BEC000DDE902019047009800285DDB029C606973
:10BED00010B1201D00F0BCF904A800F0B9F8054627
:10BEE00000980A2850D2DFE800F04F0505282B43C0
:10BEF0000505282B94F828002A4640F0010084F814
:10BF00002800A1690198014403462046FFF784FFF9
:10BF100028B394F82800410707D501982A46A1695B
:10BF20000144204600F072F803E000F0FE0084F8BF
:10BF30002800216A2046884726E094F828001FE060
:10BF400094F8280040F0010084F828000198A061CE
:10BF500030B141192B461A462046FFF75DFF13E02A
:10BF6000502080F31188BFF34F8FBFF36F8FFEE730
:10BF700094F82800810703D4204600F0F5F903E087
:10BF800000F0FE0084F8280030680022694600F0C6
:10BF9000F3FD002890D106B070BD000064000024BD
:10BFA000F8B50D46064600F04DFB684600F050F827
:10BFB0000446009810B101F03DF9F8BD1148ADB14B
:10BFC00001690968D9B100250068311B2A4600F0D3
:10BFD00061FA01F02FF90028EFD10B494FF08050A2
:10BFE0000860BFF34F8FBFF36F8FF8BDA642EBD849
:10BFF00001F020F921463046FFF73AFFF8BD012550
:10C00000E2E700006400002404ED00E070B516468D
:10C010000C46054604E0A869296A04442846884776
:10C02000A8692346324601192846FFF7F5FE002885
:10C03000F1D170BD0548816B096821B1816BC96878
:10C040000968816270474FF0FF31FAE7240000244D
:10C050002DE9F041064600F085FF0E4C0546A0682C
:10C06000854214D24FF0FF3704E0C06839460068BB
:10C07000FFF7FEFEE06801680029F6D12169C4E9F6
:10C080000310012030602846A560BDE8F081002043
:10C09000F8E700006400002408484068401C4FF0A6
:10C0A000500080F3118804D0BFF34F8FBFF36F8F20
:10C0B000FEE7BFF34F8FBFF36F8FFEE798000024BA
:10C0C000074CE068016841B1C0680021D0F8000069
:10C0D000FFF766FFFFF7ECFEF3E701210020F7E72B
:10C0E000640000242DE9F041044600F009F994F9B8
:10C0F000455004F1240609E0606A48B1304601F079
:10C100002BF808B100F016FA6D1E6DB2002DF3DCAD
:10C110004FF0FF3684F8456000F012F900F0F0F8B7
:10C1200094F9445004F1100709E0206948B13846F9
:10C1300001F012F808B100F0FDF96D1E6DB2002D8E
:10C14000F3DC84F84460BDE8F04100F0F9B8000089
:10C150002DE9F0410027044600F074FA2F4E3068B4
:10C1600008B9FFF77BFDACB314F1090F47D80834C9
:10C17000600707D004F00700C0F10800C1438C42FB
:10C180003DD80444002C3ADD7068844237D82348F7
:10C19000143001460D6801E028460D466968A14249
:10C1A00002D229680029F7D131688D4227D007686B
:10C1B0002968016008376868011B10290FD9281900
:10C1C000420708D0502080F31188BFF34F8FBFF390
:10C1D0006F8FFEE713E041606C60FFF7F7FD696861
:10C1E0007068401A7060B268904200D2B06041F04E
:10C1F00000410020C5E90001F068401CF06001F03A
:10C2000019F8780707D0502080F31188BFF34F8FBB
:10C21000BFF36F8FFEE73846BDE8F0817C00002455
:10C2200070B5041F094E231F4FF0807521F00101E6
:10C2300025601C1F1960A0F120010B1F26604438E7
:10C240000A606FF002051D6070BD000099C0000813
:10C25000D0E9013201699A60D0E901235A604A6845
:10C26000824201D182684A60002202610868401E51
:10C270000860086870470000014880687047000047
:10C280002400002410B5044C8023046004F15C00F9
:10C290000860136010BD00002010002410B5044C8D
:10C2A0004FF48073046004F15C000860136010BDFB
:10C2B0007C1200244FF0FF3300F108010022C0E996
:10C2C00001130260C1600161704700210161704784
:10C2D00030B50B685A1C02D000F1080202E0026976
:10C2E00004E02246546825689D42FAD953684B60A1
:10C2F00099608A60516008610168491C016030BD25
:10C30000502080F31188BFF34F8FBFF36F8F0A491E
:10C310004868401C486001280CD10848006810F0AB
:10C32000FF0F07D0502080F31188BFF34F8FBFF36A
:10C330006F8FFEE7704700009800002404ED00E0D6
:10C340000849486828B1401E486001D180F311882F
:10C350007047502080F31188BFF34F8FBFF36F8F6A
:10C36000FEE700009800002470B500282AD0A0F154
:10C3700008046068002807DB502080F31188BFF3B1
:10C380004F8FBFF36F8FFEE7216839B1502080F3E4
:10C390001188BFF34F8FBFF36F8FFEE720F000408F
:10C3A000606000F04FF9084D606869680844686093
:10C3B0002046FFF70BFD2869401C2861BDE870404E
:10C3C00000F038BF70BD00007C0000244FF0E0207A
:10C3D000002101614FF47A728161072303490968E2
:10C3E000B1FBF2F1491E4161036170471C0000245A
:10C3F00010B5F4F71DF8114910280ED300F1E02014
:10C400000A7890F8F003904207D2502080F3118808
:10C41000BFF34F8FBFF36F8FFEE70948896800684D
:10C4200000F4E060884207D9502080F31188BFF300
:10C430004F8FBFF36F8FFEE710BD00009800002400
:10C440000CED00E070B54FF0000258B100291DD08E
:10C450000F4C002304EBC3056E6886420AD104EB3F
:10C46000C3020FE0502080F31188BFF34F8FBFF35A
:10C470006F8FFEE71AB954F8336006B92A465B1C81
:10C48000082BE7D3002A01D0C2E9001070BD0000DC
:10C49000040A002470B515460E460446FFF730FF27
:10C4A00094F944100020491C01D184F8440094F907
:10C4B0004510491C01D184F84500FFF741FFA06BEE
:10C4C00028B904F124002A46314600F051F82046EC
:10C4D000BDE87040FFF706BE020010B514D00F484B
:10C4E000406B38B1502080F31188BFF34F8FBFF3FA
:10C4F0006F8FFEE700F0A6F800211046FFF76AFAFA
:10C5000000F098FE002807D105494FF080500860E0
:10C51000BFF34F8FBFF36F8F10BD000024000024C6
:10C5200004ED00E002490A6A0260C9684160704790
:10C530002400002401490120C86170472400002420
:10C5400010B50C4650B1094909681831FFF7C0FE13
:10C550002046BDE810400121FFF73CBA502080F38F
:10C560001188BFF34F8FBFF36F8FFEE724000024C5
:10C57000F0B40C46D0B111490D684368EB619D6879
:10C580000E6835620D689E68183575600D6818353F
:10C590009D60096888620168491C01600AB14FF01A
:10C5A000FF3411462046F0BCFFF714BA502080F348
:10C5B0001188BFF34F8FBFF36F8FFEE72400002475
:10C5C00030B587B0002405AA04A9039403A80494F5
:10C5D000FFF758FEDDE9030100940023CDE90110C7
:10C5E000164814A1059A00F02BFC154DE862A8B17D
:10C5F00000F0C0FE012802D0401C12D00EE05020F6
:10C6000080F31188BFF34F8FBFF36F8F01204FF07E
:10C61000FF31A9626861EC6000F04EF8286B07B04A
:10C6200030BD502080F31188BFF34F8FBFF36F8F61
:10C63000FEE7000049444C4500000000A5BC00088E
:10C64000240000240248416B491C416370470000EC
:10C6500024000024164810B5416B11B10121C161BD
:10C6600010BD0021C1611349026901E0BAB1521E37
:10C6700002EB820351F82330002BF7D002EB820348
:10C6800001EB830101F108044B685B684B60A34236
:10C6900001D1CB684B60D9680160026110BD5020A8
:10C6A00080F31188BFF34F8FBFF36F8FFEE7000059
:10C6B00024000024440A00243A483EB53A4902685E
:10C6C0008A4207D1502080F31188BFF34F8FBFF308
:10C6D0006F8FFEE734490068491E884207D1502019
:10C6E00080F31188BFF34F8FBFF36F8FFEE72F48A2
:10C6F00000250195FF2102788DF80820017001784E
:10C700002B4C8DF800109DF8001011F05001217095
:10C710000CD09DF800205021914316D0502080F37A
:10C720001188BFF34F8FBFF36F8FFEE7502080F368
:10C730001188BFF34F8FBFF36F8FFEE7491C019144
:10C740009DF8001049008DF800109DF800100906B2
:10C750000199F3D4082922D0C1F10701A160217AFF
:10C76000090201F4E061A1609DF8081001700D4814
:10C770002030016841F47F010160016841F07F4190
:10C780000160FFF723FE6560F3F71AFE09480168B0
:10C7900041F040410160F3F7FFFD00203EBDA56080
:10C7A000DDE7000000ED00E071C20F4100E400E0B1
:10C7B0009800002434EF00E0502010B580F3118879
:10C7C000BFF34F8FBFF36F8F00F0DAFB18B104494E
:10C7D0004FF080500860002080F3118810BD0000E9
:10C7E00004ED00E0F8B5050017460E461CD04FF0EA
:10C7F000FF30B0FBF5F0B04216D305FB06F010F1A8
:10C80000510F11D85030FFF7A3FC04000AD00020CC
:10C8100084F8460004F150023B4631462846009415
:10C82000FFF770FA2046F8BD502080F31188BFF35F
:10C830004F8FBFF36F8FFEE7F8B5069D1BB158B160
:10C840004AB189B908E0502080F31188BFF34F8FB7
:10C85000BFF36F8FFEE739B1502080F31188BFF32B
:10C860004F8FBFF36F8FFEE750241C46012683F8DD
:10C87000466000932B46FFF745FA2046F8BD0000BE
:10C880002DE9F05F04008A464FF0010B32D0E06BD7
:10C8900078B34FF0FF39226CB9FBF0F0904242D3ED
:10C8A000FFF72EFD21680025D4E90F23D4F840C0FE
:10C8B00004F1100810460E46401EA56302FB031249
:10C8C00000FB0C10BAF1000F666084F8449084F805
:10C8D0004590C4E9022015D04046FFF7EBFC04F177
:10C8E0002400FFF7E7FC00BFFFF72AFD5846BDE82C
:10C8F000F09F18E0502080F31188BFF34F8FBFF3F3
:10C900006F8FFEE720690028EED0404600F024FC3F
:10C910000028E9D008494FF080500860BFF34F8FDE
:10C92000BFF36F8FE0E7502080F31188BFF34F8F84
:10C93000BFF36F8FFEE7000004ED00E02DE9FF4735
:10C9400004001D4682B08A464FF0000803D0BAF1B9
:10C95000000F08D011E0502080F31188BFF34F8FF3
:10C96000BFF36F8FFEE7206C38B1502080F3118841
:10C97000BFF34F8FBFF36F8FFEE7022D0AD1E06B3D
:10C98000012807D0502080F31188BFF34F8FBFF3E9
:10C990006F8FFEE700F0D8FA3F4F4FF080564FF010
:10C9A000000948B9049838B1502080F31188BFF3CA
:10C9B0004F8FBFF36F8FFEE7FFF7A2FCA06BE16B19
:10C9C000884207D3022D05D00498D0B1B8F1000FEA
:10C9D0001AD01EE02A4651462046FFF7EEF8616A5B
:10C9E00019B104F1240000F0B7FB20B13E60BFF3A1
:10C9F0004F8FBFF36F8FFFF7A3FC012006B0BDE898
:10CA0000F087FFF79DFC22E06846FFF78BFD4FF0B3
:10CA10000108FFF795FCFFF715FEFFF771FC94F98D
:10CA20004400401C01D184F8449094F94500401C16
:10CA300001D184F84590FFF783FC04A9684600F013
:10CA400095F930B12046FFF74DFB00F0F3FB0020D5
:10CA5000D4E7FFF755FCA06BE16B884213D1FFF7D9
:10CA60006FFC049904F11000FFF76AFD2046FFF700
:10CA700039FB00F0DFFB00289ED13E60BFF34F8FF3
:10CA8000BFF36F8F98E7FFF75BFC2046FFF72AFBA9
:10CA900000F0D0FB90E7000004ED00E02DE9F04746
:10CAA00004001F469046894603D0B9F1000F08D014
:10CAB00011E0502080F31188BFF34F8FBFF36F8FC9
:10CAC000FEE7206C38B1502080F31188BFF34F8F00
:10CAD000BFF36F8FFEE7022F0AD1E06B012807D06A
:10CAE000502080F31188BFF34F8FBFF36F8FFEE7A5
:10CAF000FFF77EFC5020EFF3118680F31188BFF31F
:10CB00004F8FBFF36F8FA06BE16B884206D3022F6C
:10CB100004D0002086F31188BDE8F08794F94550D1
:10CB2000A06B3A4649462046FFF747F8681C0AD0F2
:10CB3000FFF7A2FB854204D27F2D14D06D1C84F830
:10CB400045500120E6E7606A0028FAD004F124008D
:10CB500000F002FB0028F4D0B8F1000FF1D0012161
:10CB6000C8F80010EDE7502080F31188BFF34F8F15
:10CB7000BFF36F8FFEE700002DE9F74704008A46F8
:10CB800083B04FF0000603D0BAF1000F08D011E0D7
:10CB9000502080F31188BFF34F8FBFF36F8FFEE7F4
:10CBA000206C38B1502080F31188BFF34F8FBFF352
:10CBB0006F8FFEE700F0C8F9DFF8F4804FF0805780
:10CBC0004FF0000948B9059838B1502080F311881A
:10CBD000BFF34F8FBFF36F8FFEE7FFF791FBA56B9E
:10CBE000C5B151462046FEF7D5FF6D1EA5632069ED
:10CBF00050B104F1100000F0AFFA28B1C8F800708D
:10CC0000BFF34F8FBFF36F8FFFF79AFB012006B082
:10CC1000BDE8F087059808B11EB106E0FFF790FB6C
:10CC200027E06846FFF77EFC0126FFF789FBFFF748
:10CC300009FDFFF765FB94F94400401C01D184F81D
:10CC4000449094F94500401C01D184F84590FFF7C9
:10CC500077FB05A9684600F089F8002820460AD02D
:10CC6000FFF740FA00F0E6FA2046FFF7F3F8002855
:10CC7000B3D00020CBE7FFF7EDF890B1059904F1B0
:10CC80002400FFF75DFC2046FFF72CFA00F0D2FAF3
:10CC90000028A2D1C8F80070BFF34F8FBFF36F8F89
:10CCA0009BE72046FFF71EFA00F0C4FA95E7000064
:10CCB00004ED00E02DE9F04704009046894603D0DA
:10CCC000B9F1000F08D011E0502080F31188BFF3B4
:10CCD0004F8FBFF36F8FFEE7206C38B1502080F389
:10CCE0001188BFF34F8FBFF36F8FFEE7FFF780FB15
:10CCF0005020EFF3118680F31188BFF34F8FBFF3FD
:10CD00006F8FA76B6FB394F9445049462046FEF7E6
:10CD100041FF681CA7F10107A7630AD0FFF7ACFA2F
:10CD2000854204D27F2D14D06D1C84F8445001201C
:10CD300018E020690028FAD004F1100000F00CFA85
:10CD40000028F4D0B8F1000FF1D00121C8F800108C
:10CD5000EDE7502080F31188BFF34F8FBFF36F8F43
:10CD6000FEE7002086F31188BDE8F0872DE9F04149
:10CD700005000C461BD014B3FFF7C2FA174E20680B
:10CD8000F268471C6B68A2EB03010ED02F68D6F83F
:10CD900020C00026674501D0934218D9884216D991
:10CDA000401A20602846FFF7BDFB002511E0502007
:10CDB00080F31188BFF34F8FBFF36F8FFEE75020D2
:10CDC00080F31188BFF34F8FBFF36F8FFEE701250C
:10CDD0002660FFF7B5FA2846BDE8F081240000245C
:10CDE0002DE9FF5F994616468A4683469000DDE9A5
:10CDF0000E87FFF7ADF905001FD05C20FFF7A8F9FB
:10CE0000040017D05C21F3F753FC0020256384F85D
:10CE100059004B46CDE90087CDE9024032465146E4
:10CE20005846FEF780FF2046FEF710FE012004B0B2
:10CE3000BDE8F09F2846FFF797FA4FF0FF30F6E77E
:10CE40002DE9F04786B01F46904689468246DDE9C7
:10CE50000F540E9EEDB124B35C2000900146204695
:10CE6000F3F726FC2563022084F85900002104AA68
:10CE7000009603913B46CDE901244246494650467F
:10CE8000FEF751FF2046FEF7E1FD049806B0BDE82D
:10CE9000F087502080F31188BFF34F8FBFF36F8F5F
:10CEA000FEE7502080F31188BFF34F8FBFF36F8FE1
:10CEB000FEE7000070B505000E464FF000040BD0F1
:10CEC00096B11F4A506BB8B1502080F31188BFF360
:10CED0004F8FBFF36F8FFEE7502080F31188BFF3B1
:10CEE0004F8FBFF36F8FFEE7502080F31188BFF3A1
:10CEF0004F8FBFF36F8FFEE7FFF7A4FB2B68D2685D
:10CF00009919934204D98B420BD9914202D808E077
:10CF10008B42FAD9881A296001240021FEF75AFDB4
:10CF200000E0296000F086F938B906494FF08050DA
:10CF30000860BFF34F8FBFF36F8F204670BD0000B6
:10CF40002400002404ED00E00548416919B1406B5C
:10CF500018B1002070470120704702207047000080
:10CF6000240000240148C068704700002400002409
:10CF700010B5FFF73DFA0148C06810BD2400002439
:10CF80002DE9F047484C606B002628B1A069401C91
:10CF9000A0613046BDE8F087E5686D1CE56013D1FF
:10CFA000A06B006838B1502080F31188BFF34F8F19
:10CFB000BFF36F8FFEE7A06BE16BA163E063206AB4
:10CFC000401C2062FFF736F83848A16A8D420FD323
:10CFD0004FF00009A16B096839B1A16BC968C96834
:10CFE0004A68954212D2A26202E04FF0FF31A1627C
:10CFF0002168C96A01EB810150F82100012800D99C
:10D000000126E0690028C4D00126C2E7D1E90273F5
:10D010004A6901F10408BB60D1E902377B605368BB
:10D02000434501D1CB685360C1F8149013685B1E6F
:10D0300013608A6A9AB1D1E9077C01F11803C7F835
:10D0400008C0D1E9077CCCF8047057689F4201D131
:10D050000B6A5360C1F8289013685B1E1360CA6A9C
:10D0600023699A4200D9226102EB820200EB82021C
:10D0700052688A609368CB609368C3F80480C2F8F2
:10D080000880CA6A02EB820200EB82034B6150F80F
:10D0900022305B1C40F822302268C96AD26A914271
:10D0A00098D9012696E7000024000024440A0024B1
:10D0B00070B504464FF00001F0B3254D2868844256
:10D0C00007D0502080F31188BFF34F8FBFF36F8FCD
:10D0D000FEE7206D38B1E36C401EE26A20659A429B
:10D0E00033D040B131E0502080F31188BFF34F8F2F
:10D0F000BFF36F8FFEE7201DFFF7AAF8E06CC0F1C9
:10D100003801A161E0622969884200D9286100EBF9
:10D110008000104A211D02EB80004068A0608368F7
:10D12000E360836859608160E06A00EB800002EB95
:10D1300080006061E06A00E007E000EB800052F8E8
:10D140002010491C42F820100121084670BD000043
:10D1500024000024440A002430B5C068C06850B3DD
:10D16000D0E90732816A9A60D0E907235A6000F15A
:10D1700018034A689A4201D1026A4A600024846214
:10D180000A68521E0A6028494A6BE2B1274C62685D
:10D19000C2619568056295686B60936084622268DD
:10D1A000521C2260C06A0A68D26A904239D90122B0
:10D1B000CA61104630BD502080F31188BFF34F8FF5
:10D1C000BFF36F8FFEE7D0E902534269AB60D0E94D
:10D1D00002356B60031D55689D4201D1C5685560DD
:10D1E00044611468641E1460C26A0C69A24200D9CA
:10D1F0000A6102EB82020E4C04EB820252688260EA
:10D200009568C56095686B609360C26A02EB8202A4
:10D2100004EB8203436154F822305B1C44F8223053
:10D22000C0E7002030BD000024000024CC0E002404
:10D23000440A00242DE9F047DFF82881D8F83400AB
:10D240000024254650B1FFF75BF8D8F83400401EA3
:10D25000C8F83400D8F8340040B17EE0502080F3A4
:10D260001188BFF34F8FBFF36F8FFEE73E48012653
:10D27000D8F808104FF00009F1BB6EE0C168CC6827
:10D28000D4E90732A16A9A60D4E907235A6004F10D
:10D2900018024B68934201D1226A4A604A46C4F898
:10D2A00028900B685B1E0B60D4E9027C6169231D2A
:10D2B000C7F808C0D4E9027CCCF804704F689F42DC
:10D2C00001D1E7684F6062610A68521E0A60E16A34
:10D2D000D8F81020914201D9C8F8101001EB810153
:10D2E000224A02EB81014968A1608F68E7608F687C
:10D2F0007B608B60E16A00E011E001EB810102EBF1
:10D300008103636152F821305B1C42F82130D8F868
:10D310000020E16AD26A914201D9C8F81C60016814
:10D320000029ABD10CB1FEF785FED8F8184044B106
:10D33000FFF726FE08B1C8F81C60641EF8D1C8F8D3
:10D340001890D8F81C0040B1094901254FF08050D1
:10D350000860BFF34F8FBFF36F8FFEF7F1FF2846D2
:10D36000BDE8F08724000024CC0E0024440A0024E9
:10D3700004ED00E010B586B0FEF7E0FB114C20682C
:10D38000B8B10020039005AA049004A903A8FEF7F1
:10D3900085FFDDE90321022000238DE807000C480A
:10D3A00009A1059AFFF74CFD606010B106B001209D
:10D3B00010BD502080F31188BFF34F8FBFF36F8FE4
:10D3C000FEE7000064000024546D72205376630071
:10D3D000C1C0000800EE100A00EE901AB4EE600A18
:10D3E000F1EE10FA78BF704700F00DB810B5FFF7F6
:10D3F000F1FFEFF3008020F0104038BF40F0004014
:10D4000080F3008810BDBDE8104010B500F017F89B
:10D410000000000900F007B84FF0404010F1004F45
:10D42000EFF300807047401058BFC0F140404910F2
:10D4300058BFC1F140418142EFF3008070470EF1C7
:10D44000020E2EF0030E5EF8044B244204D44FEA81
:10D450004102B2F17F4F11D84FEA4003B3F17F4F41
:10D460000CD80ED14FEAD07CB2F17F4F0CEB4C0CB4
:10D470000CF1020C08BF4CEBD17C04E04FF0080C1F
:10D4800001E04FEAD17C0CEB4C0324FA03F404F0E6
:10D490000704B4F1040C06D20EEB840CBDE8104076
:10D4A0004CF0010C6047DFE80CF0070802024FF077
:10D4B0000040A0F5800010BD0846420018BFD2F120
:10D4C000807288BF00F0004010BD4FF04070E1EE68
:10D4D000100A704738DD000800000000000000005E
:10D4E0000000000000000000000400001800000020
:10D4F000000000000000000030DD00080000000017
:10D500000000000000000000000000000004000017
:10D5100018000000000000000000000050DD0008BE
:10D5200000000000000000000000000000000000FB
:10D5300000080000180000000000000000000000CB
:10D5400044DD0008000000000000000000000000B2
:10D5500000000000000200001800000000000000B1
:10D56000000000000001020304050607080C101467
:10D570001820304000000000000000000000000003
:10D580000000000000000000010000000200000098
:10D59000030000000400000000000000050000007F
:10D5A0000000000000000000000000000600000075
:10D5B0000000000000000000000000000700000064
:10D5C000010002000400060008000A000C00100020
:10D5D000200040008000000101010103070100005C
:10D5E0000804020408010101000000000102030414
:10D5F000010203040607080901000000000048C1F9
:10D6000000004841000034C200003442000090C1D4
:10D6100000009041000000000000FA4300000000FC
:10D620000000A0400000000000000000000000001A
:10D6300000000000000000000000000000000000EA
:10D6400000000000000000000000000040420F0049
:10D65000000000007F00000002000000000048C140
:10D6600000004841000000C1000000410000E0C18E
:10D670000000E041000000000000FA43000000004C
:10D680000000A040000000000000000000000000BA
:10D69000000000000000000000000000000000008A
:10D6A00000000000000000000000000040420F00E9
:10D6B000000000007F00000003000000000048C1DF
:10D6C00000004841000034C200003442000020C184
:10D6D00000002041000000000000FA4300000000AC
:10D6E0000000A0400000C041333313409A99A94084
:10D6F0006666A63FCDCC2C400000DC42000096437D
:10D700000000803F004035450000604040420F006F
:10D7100000100E003F000E000000891112239B3202
:10D720002446AD573665BF74488CC19D5AAFD3BEF1
:10D730006CCAE5DB7EE9F7F88110080193331A2201
:10D74000A5562C47B7753E64C99C408DDBBF52AED1
:10D75000EDDA64CBFFF976E802218B3010029913E1
:10D760002667AF763444BD554AADC3BC588ED19FB1
:10D770006EEBE7FA7CC8F5D983310A2091121803C1
:10D78000A7772E66B5543C45CBBD42ACD99E508F91
:10D79000EFFB66EAFDD874C904428D5316619F7091
:10D7A0002004A9153227BB364CCEC5DF5EEDD7FC71
:10D7B0006888E1997AABF3BA85520C4397711E6081
:10D7C000A1142805B3373A26CDDE44CFDFFD56EC51
:10D7D000E9986089FBBB72AA06638F7214409D5161
:10D7E0002225AB343006B9174EEFC7FE5CCCD5DD31
:10D7F0006AA9E3B8788AF19B87730E6295501C4141
:10D80000A3352A24B1163807CFFF46EEDDDC54CD10
:10D81000EBB962A8F99A708B088481951AA793B620
:10D820002CC2A5D33EE1B7F04008C919522BDB3A10
:10D83000644EED5F766DFF7C899400859BB712A6E0
:10D84000ADD224C3BFF136E0C1184809D33B5A2AF0
:10D85000E55E6C4FF77D7E6C0AA583B418869197C0
:10D860002EE3A7F23CC0B5D14229CB38500AD91BD0
:10D87000666FEF7E744CFD5D8BB502A499961087A0
:10D88000AFF326E2BDD034C1C3394A28D11A580BB0
:10D89000E77F6E6EF55C7C4D0CC685D71EE597F470
:10D8A0002880A1913AA3B3B2444ACD5B5669DF7890
:10D8B000600CE91D722FFB3E8DD604C79FF516E460
:10D8C000A9902081BBB332A2C55A4C4BD7795E6870
:10D8D000E11C680DF33F7A2E0EE787F61CC495D540
:10D8E0002AA1A3B03882B193466BCF7A5448DD5950
:10D8F000622DEB3C700EF91F8FF706E69DD414C520
:10D90000ABB122A0B9923083C77B4E6AD5585C492F
:10D91000E33D6A2CF11E780F0000000058DD00087E
:10D9200000000000000000000000000001000000F6
:10D9300058DD0008000000000000000000000000AA
:10D9400000000000000000000000000000000000D7
:10D9500000000000000000000000000000000000C7
:10D9600000000000000000000200000000000000B5
:10D9700000000000000000000000000000000000A7
:10D980000000000000000000000000000000000097
:10D990000000000000000000000000000000000087
:10D9A0000000000000000000000000000000000077
:10D9B0000000000000000000000000000000000067
:10D9C000000000000200000060DD0008030000000D
:10D9D000000034420000B4420000000000000000DB
:10D9E0000000000000000000000000000000000037
:10D9F0000000000000000000000000000000000027
:10DA00000000000000000000000000000000000016
:10DA100000000000000000000200000060DD0008BF
:10DA200003000000000034420000B4420000000087
:10DA300000000000000000000000000000000000E6
:10DA400000000000000000000000000000000000D6
:10DA500000000000000000000000000000000000C6
:10DA6000000000000000000000000000E8030000CB
:10DA70000200000060DD00080300000000008C428E
:10DA800000008CC200000000000000000000000048
:10DA90000000000000000000000000000000000086
:10DAA0000000000000000000000000000000000076
:10DAB0000000000000000000000000000000000066
:10DAC000000000000200000060DD0008030000000C
:10DAD00000008C4200008CC200000000000000002A
:10DAE0000000000000000000000000000000000036
:10DAF0000000000000000000000000000000000026
:10DB00000000000000000000000000000000000015
:10DB10000000000000000000E80300000200000018
:10DB200060DD000803000000000000000000B442B7
:10DB300000000000000000000000000000000000E5
:10DB400000000000000000000000000000000000D5
:10DB500000000000000000000000000000000000C5
:10DB600000000000000000000000000000000000B5
:10DB70000200000060DD000803000000000000005B
:10DB80000000B4420000000000000000000000009F
:10DB90000000000000000000000000000000000085
:10DBA0000000000000000000000000000000000075
:10DBB0000000000000000000000000000000000065
:10DBC00000000000E80300000200000060DD000823
:10DBD0000300000000008C420000F0C200000000C2
:10DBE0000000000000000000000000000000000035
:10DBF0000000000000000000000000000000000025
:10DC00000000000000000000000000000000000014
:10DC10000000000000000000000000000200000002
:10DC200060DD00080300000000008C420000F0C22C
:10DC300000000000000000000000000000000000E4
:10DC400000000000000000000000000000000000D4
:10DC500000000000000000000000000000000000C4
:10DC600000000000000000000000000000000000B4
:10DC7000000000006CDD00080100000018D9000859
:10DC800001000000000000000000000074DC00083B
:10DC90000100000000000000000000000200000081
:10DCA000C4D90008040000000000000000000000CB
:10DCB00074DC00080100000000000000000000000B
:10DCC00078DC000802000000CD250008A922000829
:10DCD0001526000865220008C0DC0008A400002406
:10DCE000000000000000000075AF00080000000008
:10DCF0000000000075AF00080000000000000000F8
:10DD000071AD0008000000000000000051AE0008E6
:10DD1000000000006E83F9A22915444ED15727FC5C
:10DD2000C0DD34F5999562DB4190433CAB6351FE15
:10DD300041726D5461736B004D6F746F72546173F7
:10DD40006B00000064656661756C745461736B00F0
:10DD5000416374696F6E000073746F70000000009F
:10DD600074705F6A6F696E740000000061726D000C
:10DD700090DD00080000002484080000D4020008A0
:10DD8000F8DD000884080024841A0100300300082C
:10DD90000110320182103C90D00304012F0247375A
:10DDA0001AAA0141133408100824501B0124F0075B
:10DDB0001424FC062E240AD7A33C0401FF01FF0112
:10DDC000FF01FF01FF01F113010102140113D8DC6F
:10DDD00014080C062A241D4B840808092754111224
:10DDE0002103F201022B0201FA011E1923011D0A6F
:08DDF0001D03201A01020128A5
:040000050800029954
:00000001FF
